ID,Display Name
318ce6b4-b693-4473-9277-8fd6b0b9d838,120CA12
b5e90590-7731-4026-ab8d-fe9241be9610,120CA29
294ad999-6bd8-45b5-a903-329d63153e3c,120CA33
2b3f92f7-6ec1-4d63-9d7a-33eadaf1b89e,120CA36
88ae2854-7ba6-4280-ba15-a7d481ce7fc0,120CA73
4c0976e1-a0c0-4552-95c9-26db22f2c0fd,120CA99
d9b8a860-e647-4719-a09f-4c8c2f0638d5,120CAO29
a827295e-eac2-47e2-9746-67da0115dfd1,120CAO33
4fe21090-c3de-4e03-b869-f9b6ba66be6a,120CAO36
9c544489-3234-4217-bcbe-05154f01281a,120CB12
b17fe8f0-0b0b-4250-97a7-cad5ced6753c,120CB29
e946cf5a-cf2f-4ed6-a180-580383080d6e,120CB33
84682d27-7891-4be7-9900-db0f5b595ea7,120CB36
db907cf2-25a4-4491-808f-0f299318f24c,120CB73
006303ed-e916-4663-8137-57f7131ae997,120CB99
0926af9c-1f14-45e7-95f3-a85c73980633,120CBO29
248b354b-cfb8-4ace-ba7c-314c3f71f148,120CBO33
f8c841ff-31cd-4b52-8080-d3a1bf9de887,120CBO36
e39c6c5e-12fc-484d-af03-5d73b33dbe3d,120CC12
95cd891e-f7a9-443f-bc13-215e2dd007d4,120CC29
61c5ad03-5575-40b0-8b90-d60fa4dbea4e,120CC33
f514d0d6-9933-43ac-978d-1664190b8d8a,120CC36
cf91e027-f8d6-4074-a61a-16dff819f57f,120CC73
4d37efb1-ba5c-4451-b4a6-150cb10e9642,120CC99
577573b4-0df5-4820-96e4-5280fa1b3196,120CCO29
17d146d4-dc99-4b05-9757-4388a2b73ef1,120CCO33
043ceeb3-91cc-4eb6-8851-946172c7ec56,120CCO36
dd8a6b7a-0647-4cec-81d1-ba9efb5d9db7,120NA12
968469e6-4729-43c1-a7c7-164d0f9d0ec6,120NA29
7853a545-4cad-447d-9370-ace1676fb953,120NA33
bfa52e30-19ce-466d-aa69-b065f09bbedf,120NA36
c7dc722c-0279-4d21-8376-24ffde383b66,120NA73
cd2a5381-9e64-4ea0-b014-5fd73c92571f,120NA99
51b29412-a60d-4aff-8bc2-d4f043168f14,120NB12
22889530-3958-4e00-8eee-bfb9f99d5143,120NB29
05eff11f-c980-477a-98ef-1f10fa280c42,120NB33
91c560ef-d743-4ec2-9b1a-e0406ac9e97e,120NB36
2f3a7fcd-dc97-44a8-89ac-ee5299b964e3,120NB73
a1ef3689-1a8a-496d-84c7-acee7749ccd7,120NB99
46778225-a690-4475-9ea3-6e1814266fdb,120NC12
73ca0446-03fa-444a-838e-5a7568a2b4b5,120NC29
3d4fe9eb-0d91-4c4c-832f-956442b637e4,120NC33
7416c8e8-ce3f-46be-8bfb-b33293a9a44f,120NC36
14f0accc-6119-4742-88e6-2653d47613ff,120NC73
19875b0d-2571-48f5-9d1b-9031446d8d7c,120NC99
d26f9095-f42e-4119-89d4-728dca578b77,120PA12
c5d67830-a747-494a-aa0c-3981c7e54e65,120PA29
2380f7e4-5d93-4c50-95ba-18a4e0fa165d,120PA33
f879e03e-f2d6-4fad-9b3c-8273094866c1,120PA36
08d26106-9098-4d5d-8549-00bb77a87abe,120PA73
ea64a633-ea59-4418-85d8-6419ef7cdd63,120PA99
aa2f7b18-bde3-4ca0-b039-e91c5a45ca41,120PB12
39f8fd54-5c1b-488e-b7bd-8a02ba9e9637,120PB29
eda39f2f-130a-4d42-b862-cf9fa570f29f,120PB33
6a05cd02-43e8-465c-b743-3a6b9290e2f5,120PB36
9fe65858-5d03-43c9-9131-e79c2f2194ce,120PB73
0fdde664-420d-4f0a-9019-a631472d6b97,120PB99
48c4f4eb-e802-49c5-8e83-b6548c1f44fe,120PC12
5bb200ac-b9da-4886-bb04-5d816ecf204a,120PC29
d87f7c5e-ebd6-454e-b195-2d2be07ed86e,120PC33
f1fbfa62-b4fa-4c26-a83a-47ebfec9c28d,120PC36
d7066eb4-bda4-4370-a418-f2ac7b7122e9,120PC73
d20345e6-6c22-48ba-8989-d21d563922a0,120PC99
25f1be7a-418c-4a66-a443-939b2a46198c,120PD12
f8b16af2-61f3-4214-809c-15994b52d7e6,120PD29
ae2e79c0-327f-436f-a35b-279d7e3a148b,120PD33
3189075c-c3b8-4a61-8654-e68764e3b430,120PD36
c4d77bee-2c9e-453f-80b9-d0eb9019de07,120PD73
f7dc232a-25b0-45b9-b2e8-bfbc1c730b3f,120PD99
1e81da2b-7f2a-495e-823b-ea10d9d2f19c,120PE12
c70e87f3-5a44-454e-9889-4594595e68db,120PE29
868cc774-58d3-404f-82f4-cde3ff79d5b9,120PE33
ae6a2813-c42a-4e4b-b56c-3bfbc7babfc8,120PE36
d82983d0-9d4e-4f6f-9009-e619fffb5fa3,120PE73
228df5a0-0bcd-4e5e-bd40-99cc37dfe568,120PE99
30d6f984-3efd-4f21-af5b-1041630d40c5,120PF12
2dc7ec7f-f231-4268-b06c-e96623de2d8e,120PF29
6ef38127-a099-4297-8c8e-9c2c3f5071de,120PF33
2bf44d76-34f0-4e7b-b416-1ec7be62cf30,120PF36
1dccb3ff-f384-41e8-addf-eb5f57360d5e,120PF73
a49674a5-9f87-4910-a8eb-34fc27a59100,120PF99
27889ef2-7aeb-4b08-a648-72dcd0ec6989,143CA15
594fa5f9-e1dd-43a3-8ab9-1103d35dbc3a,143CA19
b1b95f24-d4cd-4a22-b13b-60704cb8f5af,143CA27
1910ec4d-9155-4e15-9967-11ad6775baed,143CA46
30dea826-bcb1-45d2-913e-d86795742366,143CA47
98791ca0-abcb-4b5e-91f2-b85d259fc575,143CA48
5b441340-71e7-45c4-bf4d-07e505b94d0a,143CB15
4dc5f293-7b5c-4782-9dcf-71e3882cb4c6,143CB19
ed07b3f3-e2ad-4a70-acc7-d8a4214c7e53,143CB27
b927ae25-d118-4aab-b4f7-2525e1423d43,143CB46
60855f83-2f75-4cf1-ba67-f208f00d8314,143CB47
7b661dd7-fd05-45f3-87f7-a6e904f035af,143CB48
d59ba9bd-ecab-4137-a758-2d32e8fcfbd0,143CC15
d6ff9089-722c-4d64-8532-e8583e87d908,143CC19
19cd0539-8505-46b1-bcc1-bcf30a3d08bd,143CC27
d2c0b053-f96a-4388-9869-806471bfe742,143CC46
41c8a092-a85d-46ff-8a28-83265b2281aa,143CC47
edd09432-bbcc-4672-81a1-7dc2244d9884,143CC48
d498bb88-374c-4fb8-8e59-d432929fd038,146CA00
beaaadec-f62a-4c8c-98ce-434a75d51288,146CA10
34a1c141-d8ba-4dae-8d95-4d09cbafeaea,146CA11
a1a238d8-8360-4c04-b173-c7a7444adf3b,146CA30
4cafe763-a770-4db0-b610-3be7c73b7241,146CA99
7be26f3f-47ed-4d84-b146-896406d9ba0e,146CB00
33de3a4e-78f6-4197-8e9e-dd0ac96f5aaf,146CB10
e8ba2df1-2ebf-49c3-9a00-19961d917b6c,146CB11
d13185aa-0581-42c3-88b4-6d0f775f248a,146CB30
7cae34ae-b037-408c-9c29-b1c0a67e4439,146CB99
63c90be8-0321-4e2f-a6fb-7e58f4cf6957,146CC00
c2bafcf9-c414-48cb-b0a0-9317df3b32e5,146CC10
dcd08287-d453-49f5-8c0d-b76d616975fd,146CC11
733e6b64-ed14-4d51-82e5-f5fb9f9e0f4b,146CC30
78e65603-b94d-4a2f-b06a-a412e7b60f8c,146CC99
eee5cc2f-58b5-4ffd-a8d3-ed7285248824,151CA10
fc6e4317-6fba-4502-9940-aad8617e79b8,151CA99
913bfbf8-9e3a-4705-9e13-6bda9487a56f,151CB10
adb17168-aa88-41e9-baa8-bf5f442cf05d,151CB99
a1f1cfd9-7fbf-47a7-8200-45d476943fe6,151CC10
1b41712f-5266-4639-a233-0680ba6e1ab3,151CC99
4e6c260c-e2aa-4f29-87f1-6e2540db4e09,152CA10
7ab8b533-9b3f-4573-a635-6c72052db71e,152CA11
40b1ea73-d0f0-433a-b26e-55318639c46f,152CA99
92273f3d-a4bb-4dfc-b4ac-e477b96e10e9,152CB10
5bff7891-2874-481f-b706-94307c45d526,152CB11
249cd49c-2ddd-4442-a78c-c13e67183e30,152CB99
475bab60-4475-4fcc-939b-fcfd056bd58d,152CC10
10498907-9c22-4de7-9615-d2e5b6737dcf,152CC11
8bdffccb-0476-4517-8868-3ba7561312c7,152CC99
1b1a84e6-8d2b-49d7-a1be-deda430ecb32,1601-CK
3ae60a61-9043-44a4-a577-a0a36857000e,1602-CK
6354cac9-db38-4e9d-b4b3-e8817b98e638,1603-CK
a8055289-3af8-4bcd-8253-ebdf43e5d673,1604-CK
32dbf374-2a6d-47ed-8650-39dd20794260,1605-CK
1af10391-151c-4b91-a7b2-d7e9cbf0498c,160CL00
1e07985a-fe9c-472e-939c-b789b837aef4,160CM00
e577cbfa-0f44-4567-ab5d-2735c7f64121,160CS00
c4895285-fd61-4597-91f4-1c0b4928f08a,160CX00
c042d2d2-0f9a-4fcf-93fd-0422ae549eca,170LA99
5700482f-5153-44b8-9043-d150650fddd0,170LB99
7cb6779c-e1af-4a54-9182-1241a72c5eaf,170LC99
feb85e4a-05cd-475c-b90a-2bb8298debc0,170LD99
48d42cee-e96e-48ad-874e-4b0c9234ad98,183CA17
000d8fc7-67e3-4ca7-8bf2-ab6ba668aac4,183CA19
446e9d4a-c73d-4a4d-a08b-86354437cbce,183CA27
9edd07cb-ea37-49e2-8cb3-d62cdfc1159b,183CA47
cb0c6699-c2fe-4005-b680-b3c275cdd365,183CA48
26efb65a-2ba6-48eb-b9f8-12f48401f021,183CB17
e13318ef-ed25-4569-b760-05803f896124,183CB19
558363ad-cd59-4c61-b95f-ee387d2d53e6,183CB27
063b6300-1382-467c-a8b6-20fdc88bf4c5,183CB47
56b1ebb9-0a45-476b-a60c-5bb4a5a4d20a,183CB48
b5b42141-33d7-43c9-a67c-a4787348bffc,183CC17
7fdcacd4-9345-4aab-81b4-d02a4ba20d3a,183CC19
32ff2359-ce55-44d7-a960-d9e123d44486,183CC27
111f7fbc-484f-4472-ada0-6c547670fdda,183CC47
14336120-d095-46a1-8ffb-6659e1c15627,183CC48
3fed27b9-6b7e-41bc-b09b-366cb5299c8f,186CA00
81198d39-4899-4965-bfff-caf34da6acca,186CA10
d12a4dd9-43d6-477b-9a72-f9f5f41bd5fc,186CA11
97c2fdf2-9514-419f-8b0e-b6c35e30d1a5,186CA30
aae1cea5-78b4-4308-bc5e-e6f5e7ab1779,186CA99
bf6203f6-76aa-4d6d-aba7-70b60370c062,186CB00
ada946b4-416c-4175-b85d-a0dab3916302,186CB10
2a8eaace-4447-4a86-b75b-3b4f5af0b255,186CB11
8e362a57-feb7-4cb1-9286-79e876249916,186CB30
232b5d79-dd47-43f8-a831-0ddfb6c0a2fb,186CB99
2a02e97e-f287-48f2-8edf-57270a712835,186CC00
a5017365-d205-49f6-8cbb-c04ec4c418e2,186CC10
9a1d480a-a90e-4cf5-8567-bedf92bfdf9f,186CC11
4f2d5c48-7da8-4b1f-b07a-e98184ef03a0,186CC30
1c3d30d3-223f-4696-8d59-97067799a6c1,186CC99
3bd26668-76c6-43e8-966b-ca0ba5fa1ea4,191CA10
f87330e6-c1b3-4b90-ac30-5f49e1573009,191CA99
30bc58d9-89ff-414b-bf88-9e391589c78a,191CB10
3835f52e-9cd9-4a60-8ab6-ba91a6653c8f,191CB99
6cf7f0fc-5853-4c61-8c54-bb0897426304,191CC10
6387eaa1-728a-4a94-bd65-8beed2af0d24,191CC99
c0822917-66dc-4fd3-8cb3-de87056bd4cc,192CA10
d65790c4-9359-444b-a2c0-327b93df4fa4,192CA11
adef5fc1-bcfa-462b-bac1-649763e0dd62,192CA99
e86741c8-f741-4261-824e-c9c95805000b,192CB10
b0923192-0100-4a19-897b-a8ade752a724,192CB11
9dee15f7-8c92-4ff2-9d6a-d3de86712087,192CB99
fc8181a2-6e8a-47ed-8456-a54c53d557a6,192CC10
0d9c8cd6-4372-45f6-a710-91bd0a3ff215,192CC11
8fd41e50-5a42-43a6-8ed2-143daa6db23f,192CC99
9437bfab-176a-43f0-a9d9-2032004aeec5,222CLLM10
f6304d77-b2a9-482e-8bd9-bdb0f4ddc58d,222CLLM99
855bb4a0-3bff-4cf6-857e-6f4beeb576f9,222CLLW10
043641a5-d6ba-4155-b05b-c3d3dbc3efa1,222CLLW99
de4560f0-39ce-4021-895d-49e4eb1b2927,222CLSM10
774d3b0f-400b-48f4-9db9-678ba67e0a5d,222CLSM99
4b276ad8-0dcc-4699-9672-37700f0a3aea,222CLSW10
89db7121-089d-481e-9ffc-4ebaed50e144,222CLSW99
1322a6e4-443d-45c3-9248-06b61736ba5e,222CMLM10
9582aef7-83fd-4f2d-99a8-76ed5b88d925,222CMLM99
90ef3154-dd89-4215-b45b-d21764b28829,222CMLW10
ea166e41-f41e-4386-81a6-bd7ca0922e11,222CMLW99
982933b4-1885-4497-826d-4fdbfbfc2ff8,222CMSM10
be90fe80-cb4f-4d33-86ef-990f85021b1c,222CMSM99
5537e337-3195-4eea-a710-6d56e2651b18,222CMSW10
40f06b43-b122-44ac-b65e-fa31dc592dff,222CMSW99
c5de7831-7692-4c72-9010-30f758f7d6bc,222CSLM10
b0c2d4db-1623-4656-acb3-debe94277fc0,222CSLM99
9068b5cd-6e30-4712-ae2b-a41c90f90c9d,222CSLW10
cdc807be-29f2-48b3-820e-e84281496b11,222CSLW99
bb50fbb7-fd6e-46ec-9988-dd16a40cb64b,222CSSM10
a7f79495-43a0-472e-a0cc-6a7ccd4cdd99,222CSSM99
4e186362-1b0a-421d-8b99-8bd3f397be69,222CSSW10
8cc9aa5e-6bde-4062-8a8f-5eac7aa2826a,222CSSW99
e277537a-ee7c-48f8-892d-ab2335a270b4,222CXLM10
7b0fe608-e0f4-49b5-a0d5-10d2d6d6da6e,222CXLM99
7a44195a-fee5-4581-81bb-1c40fe851fa7,222CXLW10
731af98d-4bbc-4571-bca1-f92121abfbe8,222CXLW99
bb96f3b3-b674-479e-be0b-b96a2bdf23a0,222CXSM10
a919eb37-710e-4441-b54b-836f375bfcf3,222CXSM99
9803ed1b-7886-40e7-9356-9c0b8992e8f7,222CXSW10
81d23be1-8fa1-4c4e-8862-2585be7b661d,222CXSW99
95af1ec8-d498-4d81-a0e7-8b6a5d3a039f,232CLLM00
eae842d4-34b5-41b2-a051-83ebc6ab2db4,232CLLM10
d314f6c2-c54e-443d-b672-5aad8664faab,232CLLM66
bcefecc8-3872-4ceb-ab75-aeb014bdc03e,232CLLM66/S
dbef2edb-d20e-48a3-84d9-3aa8f640b063,232CLLM99
beeaf48f-904f-41dc-bbfc-6db4b57784f6,232CLLM99/S
6113b807-cf5e-410d-9162-8e0fa66bf6f0,232CLSM00
0dd6aa45-e880-42e2-a97f-fdc482c1094c,232CLSM10
7c49b7e6-76f4-4da9-9d43-e7ecf450a87a,232CLSM66
2e0fb7d1-0562-450b-957e-00c50dcc8582,232CLSM66/S
c9b640da-92a3-4eff-bdd8-eb399656059b,232CLSM99
a4f5a654-2bd9-422a-b9e3-c37aec5f796a,232CLSM99/S
e7e2571e-c3ff-4e62-a750-7f3cf19e0ba9,232CMLM00
d1fcef7c-7dcb-438f-8311-f2425f10892d,232CMLM10
3f7f796d-e64d-4c2e-a7f2-041602df2796,232CMLM66
8c7b5403-0bdd-4245-8cc2-90009c54ef7e,232CMLM66/S
833a31e7-6813-4657-affb-098c2a9e1cfe,232CMLM99
a0bda3aa-2dc0-4a15-ba2c-e8a1968a3657,232CMLM99/S
41b5416c-4d1a-4d8b-b077-5e85a93bc31a,232CMSM00
6e8172fd-f991-46b9-8124-a3578f8f64ac,232CMSM10
32a0fc7e-431c-435e-a616-6f1bb5c506cb,232CMSM66
6a9e8a84-66cd-49cb-8e55-d36fa0357c67,232CMSM66/S
070a584a-28f9-42be-9395-8258c6e65b19,232CMSM99
364a2694-2c3f-45f3-a873-981028a333e3,232CMSM99/S
9e0ceed7-ba74-42f4-944c-9c57314157d0,232CSLM00
7331c2f1-d527-4e4d-b9bb-739aa9822b56,232CSLM10
0802216c-bf4b-4505-81aa-4185a3757303,232CSLM66
0f160517-d47b-444f-9273-aaea6ef48343,232CSLM66/S
d70cd964-145f-47aa-b94e-def731b53447,232CSLM99
c653be79-cff0-4f1c-9ef0-0bc4f79e5e99,232CSLM99/S
ddf260c8-ae95-42f5-9f12-960b9d3eead6,232CSSM00
787f906f-281c-4d2e-a8ba-8ec6fe25ff64,232CSSM10
9cd6dda1-a3a0-4fff-8524-6ccbe06e9072,232CSSM66
6e5fbcc9-3c08-4851-84ac-e7a1895343de,232CSSM66/S
92d40a9c-1e56-48f6-8d27-487b66c7c2fc,232CSSM99
20b09f40-75f9-43cf-8c43-c04c12451f03,232CSSM99/S
cac25715-2420-4d1b-8949-dec01478b9b9,232CXLM00
c61ee6c8-0cf8-457f-ad9b-32df5a84c22d,232CXLM10
d30373d2-fa8d-4a12-bbbb-35277cdc15a8,232CXLM66
344149b9-8ac1-472d-9603-6f6fdc1e2fa6,232CXLM66/S
36485def-9bd5-494a-b567-22c8166a2b9c,232CXLM99
b75b8ee7-6e7a-48ea-90b2-1c18910e6330,232CXLM99/S
4757c171-0812-4998-b46d-17458302e709,232CXSM00
4cb09fc5-50cb-409f-8678-a5b5e8c247f3,232CXSM10
3cfddd52-410a-4c1e-8aaf-c91155119359,232CXSM66
d6278119-4f18-4cd3-bd35-60ab2d22e45c,232CXSM66/S
faf9f630-6861-4f02-a245-f31f02034861,232CXSM99
23e506bb-a11e-48fd-b857-defadd2f6fa9,232CXSM99/S
2c44de0c-3561-4421-9164-5c790e3c5e05,232CLLW00
1d8a48df-abfd-4a19-b402-92f514f3d2f0,232CLLW10
d5730e5d-8be8-4c74-b3be-5caff47419e2,232CLLW66
727db179-932b-41fd-9da8-49a76cddda03,232CLLW66/S
a4d70e3d-b0e7-463d-b590-93756eca5998,232CLLW99
a307dcd6-ce39-4d30-9a41-1deb328434be,232CLLW99/S
01ecb7cf-6dae-43d6-b09d-7f5743c39709,232CLSW00
2fa783a8-3b5b-4a30-b5f0-9819b4783630,232CLSW10
dd5b4023-9b29-4f7f-b81a-326a02adc7d8,232CLSW66
d0a1ed71-b11f-4775-a2e5-62827b0787ea,232CLSW66/S
ac00a58f-1f70-48d8-a01b-92e64cc89e44,232CLSW99
5f5b7beb-39e8-4a17-a178-2cc64635a1df,232CLSW99/S
da5ef662-7a2a-419c-8a27-18a5a47658c2,232CMLW00
3435a75e-9b3c-48ae-9e1d-bdfb966b838b,232CMLW10
2f22d03b-c8a1-4611-901e-0eb5969739df,232CMLW66
5a061c98-bc7a-4109-b9d6-52369c5d9d5f,232CMLW66/S
563019b2-94b8-4ff7-a771-8caf1300afc6,232CMLW99
8fdd7b29-5e0f-4dd7-966b-05711b182bda,232CMLW99/S
aedf4153-3b9c-48e3-8c77-7836b977d1fb,232CMSW00
8c495074-f6a2-42e4-8906-20f88c76b329,232CMSW10
e8c214de-122f-40b5-8731-6cbd7c745cd5,232CMSW66/S
34d4a76f-81bd-4d42-8a14-b74fe2d40f2f,232CMSW99
def4c601-a317-462a-88e2-54c136b19386,232CMSW99/S
86a5c566-6f48-4dd2-b929-bc146c85279e,232CSLW00
6b1cbad5-8373-4c11-aa5c-098e950e4afd,232CSLW10
752b2bf3-d8c0-45e1-9a65-aeff988aad93,232CSLW66
eb29dd55-44d9-41ef-96f3-50ec171e1afc,232CSLW66/S
f7fbbf89-6a9b-4bf7-870e-212d9d09dfe1,232CSLW99
6b665639-bd28-48a9-a009-dfef519a0b1e,232CSLW99/S
761ab62e-ef49-4d11-8531-87c91e8060db,232CSSW00
e80742c8-0f86-4747-b4c0-71873bbc0bc1,232CSSW10
5b01410a-d61e-4e6f-9776-b03891b97df9,232CSSW66
89ca0a68-cff7-4d17-9fdf-5841f588f5ee,232CSSW66/S
a61dc453-f40c-4b10-98e9-eec52b392ac8,232CSSW99
0924c754-bc4a-4661-b61e-e0b47abc6540,232CSSW99/S
2b3d6fba-db90-456c-846c-0641c49ad431,232CXLW00
3d690adf-c29e-49da-af5e-bf96eee36b31,232CXLW10
e47cba09-7729-43e0-b5a1-e527e124bf52,232CXLW66
5e388eb4-d737-44b1-a450-b2a76629fe72,232CXLW66/S
8feaec63-2f28-4ab5-a983-e74ffcf7fa1d,232CXLW99
84d0dc90-200f-4cc0-ab0b-099ce723c00c,232CXLW99/S
d23ff57b-7084-49a6-9654-892c31f063f5,232CXSW00
a3a71dca-c582-4a92-8aae-de2f1a9d6ef8,232CXSW10
f59882ac-fa2f-4117-aa03-f6bf1c27dfee,232CXSW66
161ef4c5-7879-4d3a-9416-9d9d406619ae,232CXSW66/S
197f6af8-a055-4ed6-adc7-b3b5fc97f17d,232CXSW99
f007cebc-327e-48da-9d3e-531ede151bcc,232CXSW99/S
39b4da7e-f5f5-40bc-9e3f-eda0ee2f4e87,233CLLM00
4510780c-6616-4da6-9fe1-a4ee3fa00157,233CLLM10
8cfa92ff-e285-4d08-b9a5-0325bbb5a104,233CLLM66
b6c19f01-8d67-43e7-82c7-e7d915c78834,233CLLM99
50c6a240-6767-4331-bfaa-8400e191d97f,233CLLM99/S
6dd4b5e9-5c4d-45b7-822d-571b759d148a,233CLSM00
85ea3ef3-c7ab-480d-b798-1bcac11c5337,233CLSM10
e554ae56-c21b-4ccf-bb08-d7603e8a173b,233CLSM66
6a074609-0682-4e20-bbcb-d1b07d9184c6,233CLSM99
3ab31181-c872-492a-8f96-f41d81c97e2a,233CLSM99/S
26fe97bf-1811-4594-a7e6-f8411cf95db4,233CMLM00
5b3a100b-88b6-4dd1-8195-b84748da834f,233CMLM10
8438d890-fbe1-483b-9916-fcdfa8fa7fdb,233CMLM66
a9372e52-1c3c-425e-9bfd-546be553b395,233CMLM99
0fe72ad2-6763-49eb-bcc0-b8e1583b725f,233CMLM99/S
52b40b7c-2272-4b60-97fb-0a9fa02821aa,233CMSM00
1f7c7c80-7c52-4801-8e2c-925ba741cf6f,233CMSM10
69d7c71a-037d-41fd-bdef-5af4c836deff,233CMSM66
3bf27fca-04bd-42ea-bb94-d96061377514,233CMSM99
030213b0-696d-4217-ae76-6f5cbd9e86b8,233CMSM99/S
2df0fab5-cd98-4e4e-92c4-0b0e67f4329c,233CSLM00
59c65b9c-3e59-4898-9f31-92b28fea188a,233CSLM10
01019440-f41a-4fcf-95bf-b2fbfa627668,233CSLM66
030b9856-fdb8-4cf3-9e34-1cdf4c78e3f4,233CSLM99
95ab519b-ee4c-427d-bcf4-c1d5da380e77,233CSLM99/S
5fe79d66-0c08-48e7-a652-d9d23509455f,233CSSM00
495d4ade-c8ab-46fc-896d-523f5c221829,233CSSM10
99098b67-f9b4-4a24-a2dd-7b7525641050,233CSSM66
1c8df4b4-b91d-45e7-a92b-a490e2049daf,233CSSM99
0c985692-d242-494f-8082-8c30a2c4a9b4,233CSSM99/S
2b4ce189-097b-454b-9bc5-7104118bc5ba,233CXLM99/S
4970116c-2cf1-455e-adae-2ae4b67b63d6,233CXSM99/S
c555fd95-59d0-4ab8-83f9-cb38a18568cf,233CLLW00
dbe71941-fc7c-433d-ba7f-f99a6c36da63,233CLLW10
6af5861e-9a1f-47d2-9879-7b23a31dda39,233CLLW66
ea3942a4-5466-4b0a-9954-fb7a6c906b2b,233CLLW99
e226a3ea-032c-46e8-a515-1f49f64e0de5,233CLLW99/S
1ea11a7f-10c9-4fd9-943a-09d23817890f,233CLSW00
1bc3c130-ad7e-4928-9a53-444e4b0fb2b8,233CLSW10
ca4cc200-3211-4717-a889-af8fe5e7a54d,233CLSW66
fef7dc52-6878-45e6-9014-e783f8ca40b6,233CLSW99
b31dc8ed-5200-45c7-8982-0d67ef1df1cd,233CLSW99/S
4d9ad2ea-942a-4a44-901a-14be8b61e18b,233CMLW00
ffd6fd5b-877b-467a-8a54-48a656394f94,233CMLW10
7d2dae21-73c8-4995-a828-a8beca1a6fdd,233CMLW66
8faf7d0b-409e-4941-99c4-13decee92d3c,233CMLW99
74bb863a-e7f8-4ae0-be45-31d007fda6c3,233CMLW99/S
ee04f2d0-f2a9-472a-b698-500be570aaa2,233CMSW00
8cf4e95e-817a-4407-9977-888e652fe903,233CMSW10
c179f8a2-ee0d-4c0b-8447-13f8b7527047,233CMSW66
88fb98fe-fab7-4b27-a4d4-75bb6db469ba,233CMSW99
6c585166-86f4-4fd4-a01a-bdd695ae4ab1,233CMSW99/S
ec55d829-3fa5-4637-bec1-2dbd3eb6ed31,233CSLW00
030da5a7-21ad-40ef-8111-ec7818f67283,233CSLW10
583d273b-c5ec-42c3-967b-26a06ba4b216,233CSLW66
3f1aa045-d3d6-4b1e-b802-a784ad7c1723,233CSLW99
5f6290b6-4541-44a2-83ac-0e011e662777,233CSLW99/S
739aaf00-6ee1-48ce-b5ce-364c38a51d55,233CSSW00
73a862cc-5c51-4254-8a56-9405e8b5ae2b,233CSSW10
24b96eec-4fde-48ab-8c4c-2e5bd3667852,233CSSW66
b910798f-d55a-4c45-aab7-7e51f312afac,233CSSW99
b583daa1-309e-4348-9fb8-18d409d68137,233CSSW99/S
5a06692e-429d-4f7e-b2ac-b6f389b02b77,233CXLW99/S
cae49343-809e-42b8-ad9a-4d5e47122bcc,233CXSW99/S
65da40de-e6c7-4948-b63e-2503570a003a,232CLLO66
b915be4e-9568-4721-8e08-8870bf1e7b09,232CLSO66
8f8693ae-dea9-4949-a7f7-0143019e0639,232CMLO66
ae5c3b3e-65ac-4444-bfcc-9f922d17f345,232CMSO66
04bad5da-e122-46fe-a34e-53a845905b9a,232CSLO66
8e405286-9844-4a7e-bdc7-81eb91681239,232CSSO66
0410f2ae-332a-42bd-a7e0-7b5169f0d317,232CXLO66
a10ffb61-4122-461d-9a4d-0e8011d6e053,232CXSO66
e99f357f-cd72-48c3-8a9f-3a512c24d9ab,233CLLO66
09df2894-2003-4d0a-9b6f-cd7800271ad2,233CLSO66
6a87e8c3-ef2f-4b52-8152-d17acca29cac,233CMLO66
50cd93e6-1108-4e76-92c1-f50a6c82604b,233CMSO66
485a1ee7-a55d-4ab5-9c82-4b3b6de924e7,233CSLO66
bd3d8df3-7d3c-4c24-bf52-29ea1a4c66ed,233CSSO66
5ff44516-dc36-4c9f-bd3b-f75447d848a8,232NLLM99
11e0f0cd-c063-470f-9318-7fbf98f87f92,232NLLW99
3d8e6161-7e07-4022-b1f3-08dfe32e4139,232NLSM99
6a2a444e-7e26-4b8f-8af3-4510067f392b,232NLSW99
7d084823-7f2b-4a9a-aa46-4f1504f7c4b0,232NMLM99
6baeb0d1-7fb4-4f75-a7f6-a2a3738c249b,232NMLW99
4561f611-fccb-414b-b21f-2bed5f253b1a,232NMSM99
9dde87d4-4759-4df6-af8f-2f2607f1625a,232NMSW99
90ce45d2-5a0d-41e0-93bf-4f2dbb3d3288,232NSLM99
02df9e56-49fa-464c-ad31-e57921dcb1e8,232NSLW99
22eecd32-5c99-4336-91bf-64fbf7275926,232NSSM99
74209769-1f7c-41a4-af4e-d1e8136a48e2,232NSSW99
1ac7eb59-7399-4d55-b7e0-a39fa887b803,233NLLM99
1946dfc1-dd93-45a2-94df-6b211b72958b,233NLLW99
0b82a21f-622f-4171-bc40-f45d9dda6f71,233NLSM99
ce7c49bb-48b5-4e12-9443-7fa221699fc7,233NLSW99
5b0ff83b-3269-4501-aee0-455691daccd9,233NMLM99
569828b8-2f53-4d3e-9afd-df1448733479,233NMLW99
6fcc10ab-8bad-4069-8b1d-832d8c6af7ad,233NMSM99
42f49041-7fd3-49e0-907f-be69545d9bd8,233NMSW99
1bf39a48-e568-4c88-866a-db39ded2a71e,233NSLM99
95d246e7-caf0-4306-a476-57ddddb12eaa,233NSLW99
84f3a5b5-f192-400f-93a8-11c79ca5db3e,233NSSM99
1c818f0f-121e-4a31-a618-7c7f0f6e52d0,233NSSW99
0a865d59-6a76-47e7-87c8-e972edd8c5df,233NLLM66
49d67f25-388a-4f7a-a19b-891989ba2fe7,233NLLO66
a94ce051-d4cf-4af5-a8c1-be9eb3bbabff,233NLLW66
9cbdba8a-b394-4a6d-9c09-72a1a945a769,233NLSM66
e05f0cf1-6fab-4d9e-b5dc-8b9d6d2bb1a0,233NLSO66
78240737-f888-44e3-acce-f4ed5e3e13e1,233NLSW66
a5935d9f-fc42-4bf4-9244-9469db137d09,233NMLM66
dd773c50-d6f5-4a92-ae71-ceb66da6f920,233NMLO66
01b7b67d-c52f-4c6b-9e22-e5a9f18d5aa2,233NMLW66
4d036aab-9f24-4cd5-acd5-3223743dbab9,233NMSM66
a62a8885-2fc9-47c6-89cb-43afcf1003c8,233NMSO66
0da4fb29-13c5-453c-af6d-b068060c1a19,233NMSW66
ef205af0-bfb9-48df-9f77-d09cd1201b2c,233NSLM66
5fe8fc04-aa42-4b0c-907e-16c2fa20f79f,233NSLO66
cbab3372-88ec-48d8-afa2-69b546b9e58b,233NSLW66
88311304-565c-4bf7-b1ea-fd357addcc66,233NSSM66
829cd0a9-c245-4654-be0b-a45030e0bbdf,233NSSO66
710dbb42-fee8-4f4e-bf42-3d92bd3f21b8,233NSSW66
381f00fc-2213-4b03-a219-f406b811aa32,232NLLM66
cca351c3-b038-42fc-9228-2683b0576051,232NLLO66
503d51ae-63c5-49a8-bc6f-9e20939a4e5b,232NLLW66
bee33ca3-1caf-4f8b-8904-68b475a72100,232NLSM66
48ecd2c2-1a32-4fc0-b903-85617afa011c,232NLSO66
36da8ba5-6b4e-49a6-842a-c25a62dd8db1,232NLSW66
b531522a-6607-4e96-984d-b3698d40a9dd,232NMLM66
e7b7dbca-2335-4e05-8e3c-94fc7efdf7de,232NMLO66
e6dcfbf3-3020-4d06-b55f-cabb5322348b,232NMSM66
d816da0a-f27f-4919-8b3d-b33fca1f89e8,232NMSO66
d7da39b7-1020-47b1-adb9-74ec616e27b3,232NMSW66
f43b42c7-2735-4460-a2a0-6cdf729586ae,232NSLM66
fd5561ce-c1cf-4163-8bfb-44afa1812b58,232NSLO66
0d376ac0-1233-4bdb-bafb-2a409dc3c1ce,232NSLW66
449182c2-9b89-4ec5-9f30-fcc980bf26bf,232NSSM66
f9f0dfbd-3cc6-41b7-8a7d-3c9af4bdaef5,232NSSO66
01a4d9bc-473e-4745-b070-7b591108df8f,232NSSW66
fbec2919-0251-4c66-b52d-e51d4f9e2f52,362CLLM00
deaf3d21-39a6-46f4-9e59-83a57798430c,362CLLM99
f23e48c1-0cb8-471e-9623-4884ad3996ab,362CLLW00
3c2956bf-2fe6-48eb-a3cb-9e9ab6d19585,362CLLW99
67fb7b83-5547-4fa6-8022-7e6f6733a03c,362CLSM00
755d4ebc-d7c7-401d-bd0f-ac4d8081d069,362CLSM99
3ced0737-11a3-40b4-bb32-7af7f9f0f797,362CLSW00
934f2214-8829-4d3d-a3ad-9b5cd8657f9c,362CLSW99
b9759aeb-4d6f-4a6f-a3e0-d84dfd2d2f8e,362CMLM00
8f85f63f-da9d-4057-9f1e-75602bac1b19,362CMLM99
730f7a3f-f3f2-46ae-a326-f04399697d78,362CMLW00
cc0781fd-8a50-431e-8669-9765ce901deb,362CMLW99
c62dd0e2-8557-43b6-b144-c356c1671fb0,362CMSM00
7e39f969-51fb-4e22-8da0-00f566509fdf,362CMSM99
325b1b90-e5a6-475b-b765-10d73819b982,362CMSW00
e61a2a7c-58c6-46cc-8b6b-c0c8af2c81ab,362CMSW99
afad6f65-6195-4967-bc4f-4b9ba5253d62,362CSLM00
02c54a87-d7b8-4873-ac0f-4e3df0e0f56c,362CSLM99
d247ac70-516c-4478-9258-9158ebc75a26,362CSLW00
95854242-a600-482f-a81f-2bcb71770fbe,362CSLW99
7f786935-a49a-47ab-bd9f-cfa9ae0d8d66,362CSSM00
a626f497-d95e-41dd-98f3-c693ef7b4adc,362CSSM99
b383c25f-b131-4dfd-8101-7121e03a4b0d,362CSSW00
f7569450-2f5a-45f8-8455-432b333f228b,362CSSW99
a55d4a3c-a1ec-44a3-a3e9-b31abfbb8624,362CXLM00
23e7a1b3-b40d-4bc4-aa9b-583c723cfee2,362CXLM99
b05c95cc-0776-4515-a030-1507e79791fc,362CXLW00
c4934b78-8297-4c79-84f4-f01d0a90d926,362CXLW99
3de07893-a8c2-4b6f-8339-1eee7d55c647,362CXSM00
68b7c52a-011e-4475-9d02-a524297bba84,362CXSM99
3d8b358b-c1f0-4f98-b535-574e559adcac,362CXSW00
d190bcf5-746e-45e7-ac92-5182a258317d,362CXSW99
6834e798-3a69-4c74-b217-1469234733cf,401C200
a481d07f-a5b2-4a61-a83b-3cddae89d1d1,401C299
c153f611-ebd2-443c-a1d0-59f7ce4de9fd,401CL00
31eb24ba-26d4-4bd4-b8cd-f25bb8e7136c,401CL99
34529c06-fe06-4bdd-8761-589774e8890f,401CM00
1a38083d-a22f-4d66-ba51-2337fcf75dce,401CM99
1392a290-32f3-4f79-8af3-39604a7fe69a,401CS00
501d88cf-2839-4ee2-9e18-d4e17d5f65a4,401CS99
ce96112f-1d2b-41fa-9cac-82f7485faa65,401CX00
71e6ef62-88a1-4cda-a139-21ea00aa276c,401CX99
001ac72b-0317-47c5-94c0-6929316dd55b,412CLL00
859505f2-889d-466e-8af1-8b2d9aab6567,412CLL50
2bb2f2e7-2a68-4265-b91a-0ec13bb0ae75,412CLL54
1b5dc70d-2e20-4a58-8420-01589f309109,412CLL56
e6030ef8-8246-478c-b1de-db7fedbabda5,412CLL59
366e1a77-9eef-4fd7-96c1-5dbf90c96801,412CLL62
a580e8ec-d270-42bf-8a58-5c76256dd272,412CLL63
44cbe9d9-287b-4943-b125-989ce36a41c8,412CLL64
037682d8-0a51-4511-9305-42d42ad8ad09,412CLL99
b93bf76b-113d-4f0f-afb9-d53c15ebd184,412CLS00
1542b484-4145-4fc6-884c-227c682679b5,412CLS50
280e8f02-8f99-4940-94f6-f48c80979ee8,412CLS54
170fd95d-9037-45de-a2ba-cf9964dae5cf,412CLS56
5d574b9e-69d4-4499-a865-a5db97905155,412CLS59
2ee30b5a-951b-4494-86ab-f160180c1a21,412CLS62
4a42850d-c0e0-43f4-99b9-58359929b78b,412CLS63
53463612-da05-4bcd-a4d2-39b56e0fa7ce,412CLS64
8e10a51b-1384-4024-817d-441afa222636,412CLS99
e1c4b2c7-4874-475c-84df-44d89d54d779,412CML00
4fabef7a-48b6-4d44-a49a-16fdf0ed2c35,412CML50
41d4fb47-1ad5-4c82-8bc0-824164fcf6dd,412CML54
4efabd8f-7e72-412a-89db-882481c041f6,412CML56
10b7887a-e2ef-4e06-87ab-a5a6f1bdda70,412CML59
7379b82b-dc58-4b7f-becd-a9849e73dcd2,412CML62
189671ee-0021-4102-8d47-104a11d7c1e0,412CML63
d03b8c6b-7ba9-47c4-8cef-78587c5dc807,412CML64
65a57616-69c7-453e-a19f-f42608bbeccf,412CML99
ca61c334-bfec-40b2-bfc8-43c7e5762885,412CMS00
25ecd729-178f-4f9f-baaf-c398e902b308,412CMS50
9bb784bd-9d1d-4e5a-96ff-6b37dc921c88,412CMS54
b0eb120c-1168-4c99-83ca-6220121123ac,412CMS56
355a6c05-a888-4ed3-a3ac-04ac3f943c0b,412CMS59
1635961e-aa8f-486c-acb4-ae39fa6c3d2e,412CMS62
48d4251f-696a-4077-a893-2dec44cdf099,412CMS63
794fc612-b9fb-4a50-a0d7-6d0856df404b,412CMS64
86676bae-1a45-4045-b724-e14d285677b1,412CMS99
59ef8a03-0517-46ef-800d-d11c77950ce0,412CSL00
9cdbd4c4-0486-43c0-ad9f-e1fc5071a0c6,412CSL50
92891705-5a99-4a9f-b6d8-21c100ae3dc4,412CSL54
6f033a2b-db7f-44c3-9376-8bc89f694cc6,412CSL56
41dd5c4a-5e82-4679-866e-590239b1838b,412CSL59
fd1fef01-9b63-4997-a688-49abffde88fc,412CSL62
d6f9e2a9-7a81-432a-bc2e-c3699e4409d3,412CSL63
e2ee8bff-25b2-4a1c-bc36-903ca0cc6130,412CSL64
9acc5cd6-e2fa-4c13-9c3f-ae99cd79fa7c,412CSL99
1b653ddb-11b7-486e-aa94-12ea40c83e55,412CSS00
0c98713a-2a1d-47e3-a6f4-eebce43fd6cf,412CSS50
8fcf6558-57a2-4c25-ad4b-ae8b9ec9d09c,412CSS54
1891e023-142a-4c2a-9251-ef30158b631f,412CSS56
4e369e5d-b988-4e4f-87d1-fcd4e0170df9,412CSS59
74fc567a-d740-48ab-a72f-9c0c5f454794,412CSS62
be87062a-120a-462b-9cdd-93b5ade65bd6,412CSS63
28cf1956-5116-40b5-ac77-416e08132de5,412CSS64
aba7ce83-a0d9-4dfe-98ea-7ceee884a32e,412CSS99
fc80bfbb-a379-4594-9766-b8fcb285894d,412CXL00
15dfa7af-c3cb-4890-b8e2-1cbf83883481,412CXL50
5565d196-5888-433d-9d3c-2e251fbf6ec1,412CXL54
fa6cd1a0-52d1-4a12-8aa8-4014b90845b7,412CXL56
dd761a97-f74b-4ed6-adb1-6d7b21d99b9b,412CXL59
e158fc4a-da44-44e6-b675-e809170fe91a,412CXL62
f6e22cfa-3dde-4cd2-8e57-a7bded13beff,412CXL63
97117379-6ccf-4a0c-986f-f24df010b2f0,412CXL64
19787b79-01b8-4356-b2d7-f40accfa30cd,412CXL99
902b224c-87c3-4efe-8327-1d5e5f0db65d,412CXS00
f9866579-1864-4913-89f9-fb921c78b70d,412CXS50
90957964-bc59-48a6-953b-55d6d69d5992,412CXS54
811d18df-b1e8-4047-b180-e35e490e05ba,412CXS56
64b6507e-68f1-48b1-81b4-ece91a0cedbd,412CXS59
ad39c416-d4f9-4f5c-9f5f-8f226988f860,412CXS62
cb8825b0-371c-44b0-ac03-36269f223d79,412CXS63
e1c3aac6-d034-46c2-b672-a629bfa194e9,412CXS64
de5ae672-6169-4ec1-ab87-c17a6aa69a2c,412CXS99
17fe0e63-a9ae-43f7-83da-c9e761f78e66,412VL00
c279a335-167e-4753-b0a5-6275380e1da1,412VL50
cecb0358-54e9-4bfc-9700-eb9b87d3d89a,412VL56
cbcff245-bdf7-4447-b3d9-72b7b6fd4a06,412VL58
40a36db1-075b-4a52-a77b-6de003c08590,412VL99
092948cf-f8d5-4337-8a80-dc77540570d5,412VM00
7ca9364e-77a7-4782-bb87-f3c65fcf23d6,412VM50
c2cda739-7071-439e-a087-bed0861ec7d0,412VM56
b57e879d-f6ed-423c-a148-7d3cf59cb467,412VM58
ebd4132a-8208-4eba-bcba-848e0476b36c,412VS00
16c5bcb7-463b-49f3-a35d-f11e9a10b4ca,412VS50
cd227af8-74b5-49a6-80c4-34efab6f50a2,412VS56
376abb41-4dba-4a43-ab00-de17f4453186,412VS58
98cb8ab5-c848-49e2-ac54-a7f5ac5c00e9,412VS99
0ab34bf0-bfe1-41ea-a178-2c716f37c1d1,412VX00
94452696-f16c-4e78-b77d-f895119b4bcc,412VX99
625c9863-8268-4608-8960-1195257690c4,421CL12
7f7f5f19-15ec-46e5-a6fa-111fd69b3c4c,421CL31
54ede8a0-8cde-47e8-9652-165474ce3055,421CM12
d84cddf1-7e74-4ba3-87bf-9c049979e6cd,421CM31
0eabb77e-288e-4361-9d5c-023b476679f1,421CS12
a6f3c326-50fe-4971-818c-e4f97a7f8538,421CS31
1216240d-31fa-432d-bda7-b1e2c1b807e8,421CX12
35c2a9c7-6cfb-42ec-8b6a-5b48b9908852,421CX31
4b473b9f-5cae-4aa8-ab2d-59e8d34a3e95,422CLL12
2ddc8f59-0560-4bf4-be05-e71bb8f9eda8,422CLL31
86804ee0-4a04-4bec-934d-cd5c8796fdbb,422CLS12
c1e8446f-1a49-4d59-92cc-90253af12ad0,422CLS31
f6b05905-8c6e-4610-8fe6-a97cb9c933e1,422CML12
94bfc44e-d208-4ed0-87ac-b20183bdf1fa,422CML31
c00a7fe7-09f6-4945-8de4-3bc6ad9d35d4,422CMS12
5f81fd93-0c9d-4608-9bb4-c119da3f6aab,422CMS31
f41fcb75-73fd-4e56-a485-d128c993db78,422CSL12
e401c999-504c-496f-9b87-7a35ddc0c5e0,422CSL31
4fea068a-96b5-46ba-89f6-93e8c2fffce2,422CSS12
b132929a-0c82-44b2-a18e-efd9e4bdb4c9,422CSS31
d1460bb3-3d62-4272-b13f-223510955aa2,503CL1O77
07f77802-1430-4099-963b-28e3904babfb,503CL2O77
ad6243dc-7288-4d31-939d-e24ced06d90a,503CL3O77
c7996afd-aea9-49c5-b9e4-1085a71cd32a,503CL4O77
e7d7102e-45ce-40aa-8812-3b70f494e120,503CM1O77
4e46f7dd-7e24-49f2-84f7-3bb2c906cebd,503CM2O77
c3cfdb98-553e-462f-b242-584396b61a0a,503CM3O77
1f737495-9bfb-4017-a84d-ebddd654822e,503CM4O77
23824cf7-d3af-44c3-8be9-486c4b19dae6,503CS1O77
7d648b5b-81c6-4fc9-890b-0f48e958228e,503CS2O77
a82ea934-bc22-4a8b-9616-63d454b82e4c,503CS3O77
e52d9061-5069-42c7-8230-b4b05335a064,503CS4O77
932451c3-af6f-4140-9712-804959fd2e82,503CX1O77
b7ad090f-d297-453b-b6f2-cf21f3c1aed8,503CX2O77
5280f03e-394a-42a8-a77b-875a1aba3e8d,503CX3O77
756f9ae6-f518-427d-8599-7b9ada5843ce,503CX4O77
5a0122d0-cfdb-4ecf-a5f6-ba41159bc009,504CL1O77
42b273d5-a80e-4076-8e19-91e6964ddcd1,504CL2O77
0fdb4bcb-5a32-407e-b863-2e3e67d74181,504CL3O77
63dc7ff0-ac24-40a7-a5ed-80ec12ea5281,504CL4O77
ecaee447-70b3-4e9b-95b5-e5b9f870ac0f,504CM1O77
301c718f-92f4-4fc7-932e-8a4058f6effb,504CM2O77
71394793-84f4-494c-9b1f-7800c9b240b2,504CM3O77
aed4a634-9c03-40d6-b8bf-ecd95becd2fb,504CM4O77
2675280f-2a73-44bd-aa99-7f7be60e6125,504CS1O77
c0063d47-2035-4464-aa6e-3512b4c61b29,504CS2O77
eb744f2d-32b5-4d35-b8c5-b491cc879a77,504CS3O77
764aadaf-6d52-49be-919c-3611cb99e17a,504CS4O77
bac1efa2-f74d-483a-a207-ac88b303551e,504CX1O77
75fa0cf4-e3f3-47d8-9d12-21e7b3211b85,504CX2O77
705774fc-e49d-4e99-a662-7a4115b797bc,504CX3O77
460c2de3-5ec1-40b6-a6da-e05fa570a657,504CX4O77
b66ced8a-a3cd-4c81-b4dd-7fe11f7a28b8,505CL3O77
cd7cfeb3-3709-4f55-803d-6d6330b685b6,505CL4O77
d8e76274-c018-4820-b9da-8407ec2aeea5,505CM3O77
d75a356b-fe3f-48d2-8513-5fb0aff94818,505CM4O77
68cb9122-8e32-4744-be24-d717fe042217,505CS3O77
5b79d7c6-7e95-414b-8ed0-fab69de8aa71,505CS4O77
50ad6d13-9795-4bd7-b084-4fb3ed235c59,503NL1O77
f8e14bb0-2331-4a2d-8f8f-e1e1643ac783,503NL2O77
383c8525-7510-4855-beb9-9c2d62dd632d,503NL3O77
14466a81-e2f1-481d-a967-a408a6790cdf,503NL4O77
a971bd10-9c65-42fc-922a-4ac36cfe6fa4,503NM1O77
7000f4bf-4512-41db-87f4-23a4d049d19b,503NM2O77
9aecf5b8-f3c9-4f96-9225-59d7969977b9,503NM3O77
d228fbfd-78b7-48cb-88cc-f8a6408e5877,503NM4O77
21a380c8-b2ff-45b0-a40d-c777877f168d,503NS1O77
3bf11135-3afe-43cc-8d23-cbf79c69ef44,503NS2O77
47994046-8ef7-4bdf-ac05-6afa10776dba,503NS3O77
9e8fac1b-2c9b-4eb5-9f3d-324002f21577,503NS4O77
e0fe156b-ac0e-4059-8cec-070423f0c2bc,504NL1O77
fe01d77a-3fda-4a66-982f-3a9110f2516b,504NL2O77
37b00bac-d50f-4fd2-8d34-22f2912be94e,504NL3O77
f87f48b8-8d39-44ca-9e39-9c7f8603c25d,504NL4O77
a2d8f4ed-85a5-460e-b925-3cb961281386,504NM1O77
4f6d6aa7-4ab1-4fec-9dea-3addda69b727,504NM2O77
ffc18065-70f7-4e55-8e2d-5b46121ce50a,504NM3O77
5471a6f6-b323-48ad-b399-2ca7b0d148ab,504NM4O77
ac93409e-1565-41e4-947d-fac88acabeb4,504NS1O77
6b325ede-3cbf-4174-aaa3-d43c47a261fb,504NS2O77
63b43499-dc0a-4b40-83c6-3c72fc63cdcc,504NS3O77
841d5677-8b97-4cff-94de-d128c2c596ba,504NS4O77
e4195c0e-5ea4-4290-8dee-cc0aca2c62a8,503TL1O77
93ff842d-28c5-49d3-b79d-4d7def3479cb,503TL2O77
1f5482b7-1f6c-4656-a04d-be716e43707b,503TL3O77
87d71d33-de78-422f-8f9a-23063958497d,503TL4O77
7aa1f472-c460-432f-95cd-4ac6bdf86807,503TM1O77
bd165282-c209-4ee2-a6c8-eee7ef37c382,503TM2O77
d6edaf1a-057b-4c0f-87f9-ad77626a59be,503TM3O77
4fdb77f6-e99b-4b6f-99ba-33f75a4a71a4,503TM4O77
226ece19-fc57-4ed1-a9f6-7d535c1cc3e7,503TS1O77
06401b70-9af7-4b5b-958b-e03ec3927328,503TS2O77
b24efaf2-6939-4eae-b7f3-0088deb58c32,503TS3O77
6f7b7882-58e9-4737-88b1-27a06a40bb78,503TS4O77
d59d3285-6b81-46ec-acf3-851c6ec991f0,504TL1O77
407d09ce-111a-4baf-b2e9-aac80d8ea4b0,504TL2O77
60daaa68-ec1a-42d5-b17c-031d6009da15,504TL3O77
695f86a2-da9c-4883-8e09-c10ef3fce709,504TL4O77
f5b42315-c22d-4554-bd23-94b818070975,504TM1O77
970e8273-9ab2-4994-bea1-50cb4d4a2a6a,504TM2O77
80b98981-fec2-4d8a-8330-9f9868371312,504TM3O77
e9e436ed-3079-4d8b-a996-d0bae135f878,504TM4O77
c429a859-7150-4fad-8eaa-e164d03d0abe,504TS1O77
731e2cde-0221-4460-8cc0-642b4874a25f,504TS2O77
1b2b9d95-9761-48a2-91ae-4c962b42518d,504TS3O77
8dfd1ac5-866d-4666-abf3-b2f41db661f4,504TS4O77
b788c98b-5534-433f-8527-c44ce55bd423,505TL3O77
4907bbcd-7e63-4f32-89b5-e3d6d4933621,505TL4O77
68d6f77f-6cb0-42c4-9dc3-048ab7ac1d35,505TM3O77
c753163e-0da6-489d-aff3-9e1558d8c1aa,505TM4O77
bcca97bb-abb9-4613-997a-5ab8ee035fa7,505TS3O77
c7237583-6184-44be-80f2-e283a94cb768,505TS4O77
089789d7-cefd-4380-9139-5db010a65436,503PL3O77
86460260-115d-41ef-a2d6-49dbd0b564a8,503PL4O77
fec4fb67-ce5f-4525-8bdc-b8da542a625c,503PM3O77
a2536fab-3c88-4ddc-a673-a62817b1963f,503PM4O77
d66cffe5-34b2-4834-88e7-ef1efe156f83,503PS3O77
14660b3e-5945-4635-ac32-97f3a7a0e42a,503PS4O77
f5cd6d68-66ff-4692-af51-668d8ba3f589,503WL1O77/L
7090c355-4983-4ed1-9ce3-420f0d45d5d1,503WL1O77/R
948130d9-cb8a-4d3f-8f2c-8dc6ad5cd92b,503WL2O77/L
a5a2b7cb-6c78-4518-a7c1-c845671ca8d3,503WL2O77/R
af605724-7fbc-42ab-b11d-711b2a679794,503WL3O77/L
d00a3fd3-63ea-4260-9a9e-02d8240cbaa5,503WL3O77/R
ada1c79d-f5c2-48f4-8eb0-883597cb1627,503WL4O77/L
7762875f-9d60-402a-b42e-02d2540e4ce5,503WL4O77/R
fe5a1b8c-a7a6-4d86-b07c-6e7098345d4c,503WM1O77/L
d4f4197c-0b67-4ab0-9ee0-a156e08eae7d,503WM1O77/R
1ad63e45-19b1-4ed4-9375-ad0475786903,503WM2O77/L
cb2a6110-2d29-4cd4-a9a1-ab218f2f0d27,503WM2O77/R
34523cc3-06b8-4256-b5ce-57a6a18588d0,503WM3O77/L
cb34d3af-05a8-406c-a8f8-2b0f7353dec2,503WM3O77/R
361125b7-010d-44ea-a223-58494bdec88f,503WM4O77/L
39fdf94b-9a5e-4da3-85b5-d84d3c92952c,503WM4O77/R
2da1e01f-f1b7-464f-b7d1-038225c7497a,503WS1O77/L
9975e877-73b4-4525-9cf4-747ac974224d,503WS1O77/R
cf0b52d8-6cd9-4447-bc71-daca263df702,503WS2O77/L
c77ccdf7-91bd-4c9f-be03-3e89f3b60e44,503WS2O77/R
a17854ad-4086-4b3c-8e53-3055d3f6f331,503WS3O77/L
ee5970f6-4e1d-4da7-8ec6-78411d859f89,503WS3O77/R
39320b47-cc13-47b9-8bc8-afd16ffced84,503WS4O77/L
7b1ed3ff-b512-4941-bedf-f2d8ccbcc26c,503WS4O77/R
557d3406-3ed6-4ac4-817a-706b55bb64c2,504WL3O77/L
f5a457ec-c75a-4a97-bb31-3222e2e4cdb0,504WL3O77/R
2fc5c181-0aff-4f65-96b6-84295cfac2ed,504WL4O77/L
a1e2487b-bc8d-4a34-bb8e-3f877b8907cc,504WL4O77/R
7261aace-4e3a-45f7-a3c0-58b77d2683d3,504WM3O77/L
648d5cdc-28e0-47ac-b2c1-16ead042c40c,504WM3O77/R
c59cd42d-881a-4baf-a552-53a0595d0b36,504WM4O77/L
08a4747e-3789-4230-9a35-6f2a40884304,504WM4O77/R
f580d0e8-e8ca-463a-8c0c-c5bdf1de6ec3,504WS3O77/L
094a37d0-0da6-405a-9af6-00fa496def29,504WS3O77/R
03f22a39-6e01-4563-b5dc-f0293a251938,504WS4O77/L
c030d665-8aea-428d-bb58-c3055cb5ea02,504WS4O77/R
d1086bdb-f8f7-44a6-bdad-1b21f5c218e3,581I300
bcc3a9fb-0e44-44ea-8c62-c0017d950462,581I350
6161a120-a50a-4572-9ad9-e5bf2818d008,583D100
eb3ebcd2-a62b-47b0-8e7b-552a4aa1f049,583D200
4618e493-c55b-425a-9fac-f8d421099b0a,586W900
209788e1-f488-4757-bd9d-942240a891ca,586W950
77340cdb-06bc-4abe-bb8e-701ddbb42946,586W975
b3040e6b-c0c4-4603-8b2e-cb7bd421fcb0,587MAGLG
80cddfe1-6194-4f5b-8c99-97ccf80f11e8,587MAGMD
c83ca563-caf5-4a03-9f53-81010e2917d3,587MAGXL
c743309c-cecc-4b9a-8c8c-6ff173c3ab53,587SLIDELG
5c6d524d-944c-45d8-87cb-c90fe87ba722,587SLIDEMD
91b66040-ed63-4e20-8285-fb544544e540,587SLIDESM
d90f3c7b-1e09-49a2-955c-9a568e7ee1d1,587SLIDEXL
5d7ea847-0632-4f62-ac6d-a8409e5e7b54,588ULL
7dff7947-db32-4c6e-b9ca-eb276408f213,588ULS
9dc02374-fd3e-4b0a-8627-e736b3cc0738,588UML
3fa2ccd8-53c5-4546-bba2-ead7301955a5,588UMS
bddba960-9a90-419b-9e8a-56fc12bac2a3,588USL
5fa3416b-8c39-48b7-be72-5217ab422e81,588USS
942f0d0f-0a8f-4fbd-86f0-c78d9661446e,591R400M
976d07b7-e110-47eb-b0fa-634e152ca36b,591R400M
cd6de798-40b5-4a9e-b2f6-bafa9535e684,591R400S
978c10bb-c8cc-414a-8556-1918f7760fad,592R400L
0d4669ed-9e57-43ef-91ce-c7e71ecf46e8,592R400L
78b064b1-df8f-42ee-b6ff-835a8bf47718,592R400M
6956cacb-1447-4c60-84da-c01394ba2882,592R400M
7692c4f2-08a6-42e0-a118-e2ec61f31a5a,592R400S
5ae8f737-7c64-4ff7-86f5-801bf0b80300,592R400S
d1839897-9d26-4c63-b33d-84b25596ffe7,592R400X
47b59a8f-858e-42bf-8d53-8ef2eb49c47b,592R400X
94b780cc-729c-4dcf-9edf-41bf549bee7a,602CLLM00
0ed47de1-7717-42c5-a7eb-7f475b058c84,602CLLW00
194b20cb-1f8f-4b8c-ba8a-ce5068274e60,602CLSM00
228f9da4-7700-4570-803f-5a732462719b,602CLSW00
9f13ebbf-20d0-4199-af64-fb2734de2c2e,602CMLM00
0d8b1e6d-952a-4b65-a449-ed6d6f855c74,602CMLW00
c42863de-6b09-4636-888a-f016ac7df0c7,602CMSM00
a4bffb72-705c-48c7-a283-273127ad0ab5,602CMSW00
cc38da37-2d2a-463c-99c8-6121d9090aa6,602CSLM00
2148f34c-3366-4755-afe9-853532179711,602CSLW00
e1ea888c-a738-4e32-9ab9-5032efcd17b0,602CSSM00
4ce9c189-0280-4f3d-a389-2bae4d2d8cea,602CSSW00
ea7507e1-284f-460b-807b-a27ea83c6e8b,602CXLM00
9d14ef0f-3a60-4354-9ca9-1b108f2494b2,602CXSM00
c4ab4660-7470-4e07-a8be-4f0915c1be2a,752CLLW33
e8971344-6f0d-4cc0-a346-1df0010b59b8,752CLLW94
eefab66c-9aea-4277-a661-f04b326c0267,752CLLW99
397de8f2-fe8d-4214-8d98-2be623a849c9,752CLSW33
ac52ff16-ea4e-46c0-8e0c-90496f7c1fe0,752CLSW94
99a8198b-e98b-4d86-b2ab-bf9aa4123420,752CLSW99
4b959ca7-d5b1-4c0b-a265-d2c354c8116e,752CMLW33
cfede09d-6337-45d5-b173-2b221ead2828,752CMLW94
a9b8c146-8411-421a-9579-d782f195a973,752CMLW99
bfb7faca-739d-44d1-bd8d-487149fd4fd5,752CMSW33
20337039-47c0-41e9-90e7-7cf91d0ff6bd,752CMSW94
9946a23b-6a86-40b2-ae3b-7380e1073e9f,752CMSW99
a034b22a-f1c2-4f26-ae19-23663b5a0705,752CSLW33
67596977-aae0-486d-b81a-8b1773cb5cb7,752CSLW94
1309f0ee-a5de-4d09-a685-5f5ce9782d82,752CSLW99
bedf8005-b45e-4f83-9060-218eaa3abe9f,752CSSW33
9fe64349-9022-49c9-aeeb-5a20d3ebaa56,752CSSW94
4d8a3b33-47da-48cc-a9e5-4c1c3d386166,752CSSW99
6b40c3ca-e592-4b0a-92d3-9344d304c8ee,752NLLW33
432315a3-069e-48b6-8eeb-d9d6da137002,752NLLW94
b30d6378-1771-43c1-995b-f357633356ff,752NLLW99
bdedfa01-96ec-4ca6-b6bb-ef6a64de7483,752NLSW33
4309bd8f-cbfd-464f-a72d-5f85973da34b,752NLSW94
99564801-d1ae-404e-9adc-bb64053f2ed2,752NLSW99
173cd456-7149-43b7-8b3f-2e02a3b2705e,752NMLW33
d94667db-d36f-4920-9914-cc72ceefea9a,752NMLW94
fb2e9b4e-d5df-4975-a6cf-72f7bb4f4083,752NMLW99
852e5329-5988-4cd6-aa76-86a0b0788442,752NMSW33
d5dfdcbd-666a-4449-8f9a-e1028acba3f9,752NMSW94
3ef61832-0c2b-4205-bc05-e3aef753de58,752NMSW99
77e3a6a0-c4be-4bec-b162-f57934a34fa6,752NSLW33
8d4b14c6-20c5-4c47-8ec9-97e39b281184,752NSLW94
610f8b49-6544-4b7c-be22-8807a4e86920,752NSLW99
096a31e5-bcea-475f-9f3e-361312913bf6,752NSSW33
74483874-46cd-4561-addf-9b3d6c73d5fa,752NSSW94
b9840a0c-0f48-40b1-8240-b000458c1a87,752NSSW99
80f677b4-deb9-4fec-93dc-a80ea3507f73,752PLLW33
c61cfb55-122c-466f-be40-651c8e0d4de8,752PLLW94
2afa1818-800a-47d8-aca1-e9d1d8a007e5,752PLLW99
cb4a6802-f42c-4ccd-9e01-5eae155b2cad,752PLSW33
f0a8f6a6-6359-45a8-b9a3-684cbe862f20,752PLSW94
f36c01ba-c3ee-494a-8a33-e730e5a5391a,752PLSW99
6f71d08a-2f84-4531-a4a8-bc43311529e6,752PMLW33
e91c5a87-6ed7-4571-9ccc-ca73a0d5884f,752PMLW94
f301fb84-bdf4-4a72-9938-19891ae34968,752PMLW99
f13e7e17-838a-42b1-b670-4f23ccbf13fb,752PMSW33
7a176dc5-5d37-42a2-8750-ff7bea3f1ec2,752PMSW94
ab40d884-e573-43c0-b1cc-39a46f81ed03,752PMSW99
001112dd-f01a-4cd6-b942-71b9120e1267,752PSLW33
9afc0d75-3fa5-403d-a4f6-97089ee47005,752PSLW94
cbc9293b-f038-45bb-8789-33a2ef17b73e,752PSLW99
f73f919e-52a7-469d-a28f-1fc2ef4e2ae0,752PSSW33
7b3701eb-79a3-4b98-b740-fadea69a77aa,752PSSW94
42b58252-664a-4e84-908a-0b3ee34b0b2d,752PSSW99
c3e5d63d-90b5-4d6c-bf98-3da8d29860d8,781CLLW08
058cd57f-60e2-49c9-a2bb-8c421305bde0,781CLLW33
90b86432-f962-4109-bad0-9873112107ff,781CLLW36
4a15fae5-d7cf-4680-bc22-b92a3f070113,781CLLW73
0e890eda-78ef-45bc-a5a3-adcc7fc15309,781CLLW85
9f5f2ee7-b4c7-46cd-8eb9-86a39f679df9,781CLLW99
1c912c23-9a0b-4a80-9944-25e846833f49,781CLSW08
d112447b-4fa0-4489-a099-e2e11da8bc4a,781CLSW33
e7044e72-517c-427b-bff0-ce7ab8ed8e6a,781CLSW36
dea46ff4-63ae-43fa-bc3c-f06c6672a6e9,781CLSW73
82babbb7-bef6-4bad-bc15-e84f6600167d,781CLSW85
1e59cfff-ba32-410e-9933-744d861aa867,781CLSW99
c9b333fb-6d77-471b-bade-7305b806c898,781CMLW08
11ac123c-5e32-40bd-a82b-da5d2062c09c,781CMLW33
f69d671f-cde7-4651-8818-d1f5d5d390c8,781CMLW36
35d88080-69fa-4b0d-9f94-0e41c1138577,781CMLW73
8c0547b2-6ac8-443a-868d-d4145d90d3b0,781CMLW85
a1b50ce4-ec93-4743-bc27-91238fdd8169,781CMLW99
a3545f2c-5be3-4b18-abf9-878236f6644a,781CMSW08
46c11007-a1d9-4c71-a253-9555ba910c53,781CMSW33
5ca44935-45ea-4f7b-af39-4f65e7242147,781CMSW36
316885cb-e504-4610-a40a-32f03b57d874,781CMSW73
742d9632-1028-420f-9196-531ffeea2a55,781CMSW85
6716eec5-cec4-4c06-82c3-c48edb22cfb5,781CMSW99
cdce25bd-2f7b-4f83-8433-42add9e56d5f,781CSLW08
046e1e90-5b4b-420f-a9ff-8034961336fa,781CSLW33
d4d64d6a-a6a9-4ba7-bc95-0c3e76b8dfd3,781CSLW36
e2167204-997f-4e72-aab3-9d046827de60,781CSLW73
3806c39c-c084-45e2-9cb4-b7c5923a80f5,781CSLW85
d13c9337-1372-4b84-8091-c6380ea1282c,781CSLW99
cf4536db-ccb0-4e5c-a460-033bc0fbb37b,781CSSW08
781db761-456f-4c0e-935c-2378f06a9e74,781CSSW33
8e62b36e-3875-4efb-b3a3-dc80a9d6db21,781CSSW36
aacdfd86-7dea-469c-a932-a09df941697e,781CSSW73
9cf78db2-f32b-44d2-be73-a48b4340c662,781CSSW85
d45cf7b6-518a-498e-8e27-e474876d32ff,781CSSW99
e8d8ea2a-d60e-46fd-896d-ad8f2e7904f4,781CLLO33
09b89703-b771-4a3d-bcba-82ed27406861,781CLLO36
e0bb6d0b-a849-4ecc-b4ba-f95c64a1a5c1,781CLLO73
2f8abdc7-81b3-4701-9686-35d950604315,781CLLO85
d607c09c-bea7-47d2-bd46-2053c017b87f,781CLLO99
8b5b79ca-20a3-4b73-83cb-80a5fec4ff21,781CLSO33
dfa92da4-9fcc-4301-b25d-891e50aa1a04,781CLSO36
cd119242-42b5-46d8-9210-70cf87f13c1c,781CLSO73
2dfdfb31-7afd-4be0-a05e-f21de6656899,781CLSO85
7181265d-7efd-456e-b95c-2e7fdd6a5666,781CLSO99
10194078-8a7b-4623-8840-6319ac1e68b8,781CMLO33
5b868e92-df34-4ba6-b0e8-890cc12d0acc,781CMLO36
f0edf5ac-ef0f-4c48-a1a9-2a213f4f75d5,781CMLO73
63144788-bb25-467f-a3d0-ea14df3ee46f,781CMLO85
9d6d83be-621e-4c0b-871c-5394a796d2e7,781CMLO99
c01487ad-b436-48ae-a225-ea3ec75c3429,781CMSO33
988b639c-a280-46c4-a7d5-941ab625d2a1,781CMSO36
ad8c0be5-eb2c-474d-b322-568516543dbb,781CMSO73
d93c2aa4-2a67-4a14-b92d-4617ff5b2dfe,781CMSO85
6ea16bf0-07ad-4d87-982c-e733a12649e1,781CMSO99
71820835-c160-42dd-8650-6b28bac050ad,781CSLO33
7b909702-7733-4d47-bf16-1954fb460f62,781CSLO36
1708e26d-57eb-4cd7-9fc0-ac846d4280f1,781CSLO73
20bffd3a-a9c8-4985-b13f-b465bd5acccf,781CSLO85
d85ccd19-dffa-4b54-a889-735c97288b21,781CSLO99
40381574-be7b-449c-9b15-748cd3f6bc6f,781CSSO33
a1fdbd4d-2f07-43fe-8b67-10cb65544126,781CSSO36
7a937c88-9f14-42ec-a031-b1b0c136ece4,781CSSO73
51ed3632-fe39-4c41-8da2-0fd72c3e2a0b,781CSSO85
23b5db62-f408-41fd-8856-938f3a26665f,781CSSO99
43bf23f6-783a-42c3-aee7-b9910ab7273d,782CLLW08
cb66727a-a2a9-4daf-86ac-8c01f53afe5c,782CLLW33
f5b81262-d30d-4f63-a479-e942608973d7,782CLLW36
6be1955f-5092-4ea6-b67b-26dd0d77f692,782CLLW73
460fdec4-03ac-4c3f-9452-d960f07f08e6,782CLLW85
ea5acb6b-364e-4acc-9076-b952d56dda6a,782CLLW99
3a404e85-3063-4590-bc48-6be824e54ee4,782CLSW08
d0f2ad6c-fcef-4d1a-bcbf-4c80f273353c,782CLSW33
b527cfe8-e942-4f13-ac23-039ca5ada8f3,782CLSW36
15fc5612-dc96-4cad-bbb6-496d97a81740,782CLSW73
b4a1085e-eb9d-4e81-bbd1-17b60cfd981a,782CLSW85
53531618-9f90-46c4-8dca-6f0e2d486320,782CLSW99
f7c2e29c-20cd-4d71-90af-2022b9f88713,782CMLW08
b7270a4f-11f5-4528-80ad-c8a5264b9003,782CMLW33
14902267-fb9e-412a-b81e-efde650a9d54,782CMLW36
a72f9718-93d5-4faa-87dd-399ed3bf11a1,782CMLW73
94909c23-2f84-4d65-b9db-6f96fcddc04f,782CMLW85
9f8f4c2a-86e9-45e9-8607-36e7fb517fa6,782CMLW99
8aa0e2d4-401b-4fe9-a607-958e44a26e9a,782CMSW08
c1e2db93-2f51-45e5-bd74-c45a92c7a51d,782CMSW36
7b2e56cd-adf8-46df-8146-1e3bb215b9af,782CMSW73
ee9c5d37-10b7-4964-ab6e-f56b4f6da34b,782CMSW85
749b59f7-dbce-4a37-baa1-8e3374f1fff1,782CMSW99
0c6012a6-efd9-4184-a60d-d2fa24b2a982,782CSLW08
4b2a3be2-6926-4c7f-8f66-2054f9271bd5,782CSLW33
9d8541ec-954c-4466-b2f0-a8f58387de60,782CSLW36
519d9ad9-af2e-4f7c-b77e-f8f4e671edc2,782CSLW73
4f5ef1f1-d424-480a-9336-6ab60614c123,782CSLW85
147f66bf-d087-4ebf-89ba-c7babf49e97c,782CSLW99
7031932e-edf7-48b2-8a40-a0252ed7af55,782CSSW08
dd67977b-a6c8-4ada-965e-95eb8e4b80ca,782CSSW33
483befe0-ab33-4b25-90c0-88215420ee36,782CSSW36
5bc35f63-d1e7-480d-87e3-c9d08d102d6d,782CSSW73
83378aab-72ae-45f9-b8cd-11b0fcc7909f,782CSSW85
6a4f3e55-e581-453e-92a3-a64a37ec9116,782CSSW99
355d1e6d-8c94-41dd-833c-02c43c7cecdc,782CLLO33
0f8db058-9034-43cc-8579-d0d96af524a0,782CLLO36
f640c83c-a0c6-40f9-9e38-512a607a7989,782CLLO73
67805574-1bb5-4bef-8aef-52c0dc5d9e45,782CLLO85
1faffac9-c7aa-4be1-8667-7cca379e268b,782CLLO99
7e5c2d97-7108-41f5-8af3-a9d433c99bfe,782CLSO33
42d6385f-0d33-4a7e-8a54-1a786c52f8c7,782CLSO36
5f6d92c6-0746-4ddb-9c9a-f8f937c03d74,782CLSO73
ab0c1193-c6f3-4c2c-98b4-e39ff0cf4008,782CLSO85
852aee2e-5386-47c5-9e5d-6418d7790a6f,782CLSO99
7aa13640-de31-4cb6-b3de-c9da9fd9dc2c,782CMLO33
f87b0990-11d1-4825-8b0b-36ba1987a4f3,782CMLO36
e93ed21a-c5f1-4153-a162-0704f95e3e19,782CMLO73
b6bb71b1-1b74-495e-8a30-47b0eaa031fc,782CMLO85
da9af5e8-4b96-49f1-94b6-8a6e79fca2e1,782CMLO99
1011cf5a-d8e5-4f92-8334-7945e988f346,782CMSO33
10747ce9-99e6-408a-a8db-cf6e47c3db5f,782CMSO36
7946adae-b697-4aaa-8643-98b39a62900d,782CMSO73
d9c8f8f4-5c20-4b34-bf6f-2f2f5ce31926,782CMSO85
7bffb45f-55d0-46f6-99e8-902c75ebaadb,782CMSO99
9f3f0158-1c56-4e64-bb9c-d42d12ccdf8d,782CSLO33
eaa8a03b-29ed-4b5d-ab30-8ae53554ffc5,782CSLO36
e185790c-efd0-47ba-9886-780037e76111,782CSLO73
89d0f1d8-9237-477d-807f-8e7b0d0c9a2c,782CSLO85
5d243a16-3937-4354-99f8-becc1438ab8a,782CSLO99
0211d391-af26-45b7-978d-463edf58a240,782CSSO33
290f84bc-3c2a-4010-b31d-a4fc322b10bf,782CSSO36
96d4bc34-11fa-40cc-9a1c-8739a146a8e5,782CSSO73
c21031ec-2d09-4e7d-ae9e-173454d9c112,782CSSO85
48a89c4e-309c-4887-92c4-df002d2fc527,782CSSO99
63dbf3fb-4439-40eb-b5cc-0532fcef77f5,783CLLW08
72a4b0c6-970b-4b36-8005-3086642ad939,783CLLW33
e9215e0d-268e-4da5-9b59-1f596c23e6ec,783CLLW36
277d2bc8-7022-4d2e-a771-25378ad4d0f3,783CLLW73
1e7068a0-1c19-459c-be9f-3bcb7345285c,783CLLW85
fee345c1-44df-4d0b-b50f-13121e2a1734,783CLLW99
04d88627-1cdc-4f17-b670-90c5e14785f6,783CLSW08
9d481e1d-1ec2-454e-a742-20f2e8354f79,783CLSW33
64ca4cfc-a1ad-48e1-9010-bae1709ced37,783CLSW36
64552a03-0fdc-4dbe-be2c-f63afdae8b91,783CLSW73
b1f2559b-9b24-4cb5-8181-f1e0a321a197,783CLSW85
9955ad2a-55a6-40f9-8346-511d0f5c1f85,783CLSW99
2d9ede36-b4a4-49d5-9963-36d389db21e8,783CMLW08
feb5ae0a-8cd0-4b31-be17-d6d0d6007d04,783CMLW33
af9d5bd3-667c-43b6-b5da-b553762f7262,783CMLW36
500284cf-e20c-42c0-8694-673c1f55dbbe,783CMLW73
1f51420f-44de-46a9-99f3-9e1f2ed54a0a,783CMLW85
8c1b5dc0-232c-4108-b3c4-d9f21d0936d9,783CMLW99
9e499b7f-41f3-42bd-925f-3daa887fd064,783CMSW08
3d687ef0-6339-4971-88a3-6b8d6b26ea42,783CMSW33
8e05e168-614b-46d6-9b0d-fb3dfddf89cb,783CMSW36
48a32562-baec-4a14-80a5-10a8b98851ed,783CMSW73
81fdf4ae-f56b-4b14-a37c-50edfd2c8943,783CMSW85
f13619e1-0f02-482b-93b9-3b138467328c,783CMSW99
755f8226-14b5-4764-a057-a1ce2e50f45d,783CSLW08
db12bf0d-6748-4b42-bf99-8614b41e8ff2,783CSLW33
1204a1c5-36c1-4d29-b0ff-4798eaaa789b,783CSLW36
43c137a9-9fe4-4ae3-9696-54f814f4adc3,783CSLW73
2afec23d-aab4-4b50-ab95-562b11bf21eb,783CSLW85
72ffc3f5-4488-4eca-bd58-f6ebb4d65405,783CSLW99
74a2ae5b-fe05-48fd-bfc5-f36be7abb8c8,783CSSW08
ac738464-068b-4ae6-a732-9713ce65432e,783CSSW33
02bced1e-1cb8-464e-b3db-305754bc0137,783CSSW36
a3e89fbd-5a68-4635-b5e5-aaa68b5d472f,783CSSW73
41aa0ca2-ecde-4fe3-b511-cd3717430f4a,783CSSW85
20228a53-6526-4805-b53a-c50e73d714e4,783CSSW99
e399ca02-bc10-4665-8c83-dc1f79d866c1,783CLLO33
1585c433-ff90-43ad-a4dd-f6859ae002cf,783CLLO36
d63ec6e8-805f-4925-84cf-ef4e98d296fe,783CLLO73
a02bc839-3fa4-484f-b069-c67e58264793,783CLLO85
dbb8e189-8e06-4d57-b1b5-849e679e5224,783CLLO99
d6c9a54e-a383-4228-a89c-4f2f73311109,783CLSO33
31ba9c24-75dc-4c74-b6bf-c68e39d49d1c,783CLSO36
d4f546d9-a5c2-4c09-8d3b-a6cce5c0c62e,783CLSO73
da3aed06-364c-4a19-8691-af79c6270403,783CLSO85
473f55f6-5675-4844-8795-fa483fe8ca92,783CLSO99
2c5cc097-4016-4889-82e5-16a2f664cf18,783CMLO33
9a410d1c-445c-44ce-8a77-4ab8f78c5144,783CMLO36
4f1bc0f3-dd5e-40f9-851f-45bfd85230af,783CMLO73
7a403318-67ca-48e9-bf36-1a8d298401a2,783CMLO85
263bcd95-8886-4eca-be45-0e56bf1eb7ba,783CMLO99
5d761d72-3185-4eb4-a36f-999f65d7b032,783CMSO33
866639a9-b9ce-443b-92fe-763771c0ef85,783CMSO36
99e920b2-bcb7-415d-b96f-d633085167d1,783CMSO73
0454a273-b2ff-48b5-953f-12ea8d2b8ea7,783CMSO85
d73923ab-0812-4789-a9b0-7ced9c2b6ad3,783CMSO99
28bf9142-be29-4988-a86e-f2b13b08fdec,783CSLO33
6255aa97-e88f-4f9f-af18-7ad64e39a321,783CSLO36
4cb6c456-a453-4e71-8bf6-dc3d736fee02,783CSLO73
f9d95c61-9c91-4112-9bd7-838bff3e8001,783CSLO85
50448f94-ea68-4862-95a0-3efc08098571,783CSLO99
e79ee6ee-0c3a-4d4d-af61-cc937a154eb3,783CSSO33
7885b8b3-339d-4d08-a7e6-57ccb5c101a0,783CSSO36
89e39926-d1fa-4c66-a278-730d37e6a8d8,783CSSO73
8dacf3fa-c5d8-492d-ae43-08329f70cc6b,783CSSO85
e1862d7d-d385-43d9-8f6c-80dd2c461ead,783CSSO99
8f24dd97-d665-42df-b919-c904e71c643c,781NLLW08
50f3aeb4-a0c1-416d-a4fe-d6fbb284d408,781NLLW33
a4bd08cb-9672-42a0-8f9d-714910bdf820,781NLLW36
436b224d-7a3b-4e10-8f40-cab84c8166fb,781NLLW73
0bb9d9d9-912f-4cbe-adbe-ec4341e7a576,781NLLW85
b5861066-43e3-4a1c-b5e4-f73bb02965c1,781NLLW99
54a9e466-d996-4988-9277-2764d80b7050,781NLSW08
aa5e82cd-3533-474a-951d-8799ebb99267,781NLSW33
756132bf-f81e-4414-8820-54abebb9e825,781NLSW36
50b9b68b-bea8-404d-a057-818661307781,781NLSW73
2a4bb1da-1032-41e0-b66e-f8d7ac825b19,781NLSW85
d3e1c8e1-8963-4e5e-b3e0-ff57f5e02889,781NLSW99
b47c5b43-8c8e-4b56-8935-3a76046bd80e,781NMLW08
9df48d1c-7fdc-4eef-8a03-d356a7bae87a,781NMLW33
6b77ee66-999e-429e-8b0d-35e78d982f36,781NMLW36
12c98cac-435f-4d03-a6ee-9750907f7c57,781NMLW73
c8e8b94a-4acc-48c6-b395-acaa9ae9780b,781NMLW85
323e075b-2525-4108-8a81-bbf960cce14c,781NMLW99
6d31b625-5d88-4cd5-a86e-6687bc744919,781NMSW08
f91c7ccd-b003-4c44-9751-6011dd521183,781NMSW33
6e19e582-9e6f-4743-adbd-57c623a8df13,781NMSW36
66f83d50-45a9-4102-8600-7775d931fb63,781NMSW73
caeff627-4b9e-4666-b958-3b2b9b8190f6,781NMSW85
59f927fa-4b7f-4268-b764-a8c3cfc97f06,781NMSW99
244d14e8-f912-420b-aa2f-01bc62187f47,781NSLW08
0af02266-53d2-4025-9a94-4d2317b7dbd8,781NSLW33
f53c031b-3175-48c5-814e-2b5df6d61624,781NSLW36
929753c1-2c2b-440f-bcf1-dfcb27caa000,781NSLW73
80c8fa1c-39d1-4956-9268-45395e34060f,781NSLW85
4642d3fd-0a73-4d43-a826-7b996991e882,781NSLW99
cee62737-9807-4e4a-b2be-a6f5077c5f0f,781NSSW08
bd593d75-264b-4587-bbc4-1473eea696af,781NSSW33
2668a4f1-63eb-4907-9f93-071ba21a81f6,781NSSW36
4a73c89d-f706-4b7c-8a4f-a62c4c754d20,781NSSW73
8c6feca4-2962-419c-8fc9-78091d91182f,781NSSW85
08100d98-182d-43be-b7ed-26fca4c20e5d,781NSSW99
9fed4cab-1ea5-4b33-81ab-cf7687480ba4,781NLLO33
b0e9004a-875b-4bb0-a3bc-63baca38c0af,781NLLO36
f2a74884-1018-41dd-a164-48c4a4ce833b,781NLLO73
7c06ade9-26a0-4f24-8333-180defa71c41,781NLLO85
0797ae70-a9b7-4623-8136-bcc07f3f6b84,781NLLO99
36995e23-b586-4881-beb2-45889a5ef8c0,781NLSO33
9a2a9682-4f58-435f-bcb5-3241e07fc4f5,781NLSO36
e4f33d0a-dbe2-4a98-95b0-ed338e1a91ca,781NLSO73
ebbdf1d3-9074-4925-be3f-35a433106f2e,781NLSO85
9f32ca10-39de-4adb-84ed-763172fe7811,781NLSO99
d8630147-9ceb-45b6-a90b-c99c16073044,781NMLO33
0de6092a-0b64-4faa-984f-be39751fe2c8,781NMLO36
99b554a0-3e49-42af-8dd1-f9260176ac35,781NMLO73
647b8a43-1263-4333-ba99-2e762ab36a08,781NMLO85
9f9724ec-936a-402c-8ee5-c35b73946745,781NMLO99
7f15a0bf-f46c-4496-991e-a37017ed63d4,781NMSO33
f9c96b9b-00d6-4286-ba4a-16164eec1f4c,781NMSO36
f748d0ed-9d07-47da-9715-cb618406ca42,781NMSO73
4f8e68e7-6a37-4b80-a80f-1919dc578ee0,781NMSO85
53dabb57-bc46-4020-a66b-a537f5324ff2,781NMSO99
5ed70007-da45-4cc0-8254-e320a33c08cb,781NSLO33
ea3860a8-2c05-4985-a7a6-4bc8de09f8fc,781NSLO36
36398261-4d84-4657-aaec-dae21a06af21,781NSLO73
1d9294ca-2045-447b-85d5-b00c33a8dee7,781NSLO85
0411013f-c944-4059-877e-2f4623b8155d,781NSLO99
7a2611fb-ba66-4cda-bcd5-caf8b0581f29,781NSSO33
e6f1a04b-de2d-4156-a146-094164583abf,781NSSO36
cc5cb43b-e7a4-47bd-8e9f-f8a3d6a69ee0,781NSSO73
b60d384f-1251-41eb-975f-9e3063b78246,781NSSO85
401b5f4e-8065-4ecb-913a-138e5396e6fa,781NSSO99
0aab33a5-9208-4b8d-a52b-eecd449728b3,782NLLW08
464f6a1a-364a-46b8-9220-8a13d242bece,782NLLW33
0e005259-482f-4650-b52f-1bd6695d57b2,782NLLW36
0ab66c5a-3431-42b6-a6c1-3e7e9f950cf2,782NLLW73
ca623d4d-bb33-4def-b497-aa0101be1b57,782NLLW85
5455c12d-5774-45e9-9a77-2b4acf7126c5,782NLLW99
600c4716-be88-49a1-a823-fd1764f81974,782NLSW08
452d9b6b-2da5-4eeb-b506-f8ca68612f02,782NLSW33
1de0cee8-55f5-4fd0-9ac7-e0a7b4c898a6,782NLSW36
f3b8bad3-dd2b-44be-8132-c5f733dce70f,782NLSW73
9274efa1-5432-4516-accc-854dd9b9414c,782NLSW85
cf8002df-aa62-4cbf-afc9-211a8aca69f3,782NLSW99
403443ad-6e28-4582-b6cb-5b1b0dc9b802,782NMLW08
df0f87c2-ff7f-4f33-8d34-398136220d1e,782NMLW33
b8ec9a1d-4321-40b9-95b0-d42dabc58ff5,782NMLW36
d0d510d3-6d35-4945-95b1-42c72b262777,782NMLW73
e2e33873-41ce-4bd7-82cf-cdaa399e7d83,782NMLW85
0f9e9b72-fd28-4688-a3ff-60fc2b394662,782NMLW99
5b525c0e-dea5-44fa-a5a5-942f7f99eecb,782NMSW08
e82502d6-9f9f-499a-aaa4-6180b72a1e51,782NMSW33
594d0527-8a2a-4b47-99a1-1fcc45dacea0,782NMSW36
876e7b3f-1502-4229-9b40-b5af637eda70,782NMSW73
1fa63597-3e7d-4d6d-b7d9-795646eaad68,782NMSW85
1f8188a6-ef91-48ea-b254-988874bc1f00,782NMSW99
c6dbd8ba-3c88-49c7-8a69-0b4c7f24c27a,782NSLW08
b5ffc410-084b-4e5a-a6e4-1d9e79027dd5,782NSLW33
a4cbbddb-70db-4512-a534-0588edc6fc1a,782NSLW36
aa628452-ade7-4276-ac80-48581e0277c4,782NSLW73
a1f14332-c0ef-4757-8ec4-7321a799d4a9,782NSLW85
1031344a-cae2-48cc-b008-ff3a15c66b9d,782NSLW99
dcd8e7b2-da86-4286-896a-077fe6c0d73e,782NSSW08
58538377-7e58-4ea9-9fe8-656e4d9ead97,782NSSW33
20eaf82f-f4e0-41cb-b39e-1dff42c747ad,782NSSW36
55f9b5fa-15db-4f71-887c-10d8bc8821b9,782NSSW73
4c41d8ad-c04b-4083-ba52-ca8c0f32820c,782NSSW85
c39764ad-399e-4b45-8398-18a31e8511df,782NSSW99
84660c24-5319-4698-88a6-8df888ff89f7,782NLLO33
7c591771-7cc1-4c0c-925e-e6c4d2bda91b,782NLLO36
c44db1e0-93c7-4b29-b1bf-c82074e07a08,782NLLO73
10396811-d32f-4ef0-bb0e-5e9fd8090762,782NLLO85
24ac0dcb-eeb0-42d5-8198-266aa40f62eb,782NLLO99
63f263eb-11ea-4ec9-bcc2-7a54185ff1a7,782NLSO33
a7094027-3abc-4ed0-8717-3dedaddc01f2,782NLSO36
d08631fa-94ed-48fe-afb6-9bf485f8f1c6,782NLSO73
3277dd25-7573-4cba-a1b5-2542fee6c60a,782NLSO85
2d72503b-f00f-4617-b8e2-c02e81f534fe,782NLSO99
c0592d3c-963a-49f6-8afe-91a87060a325,782NMLO33
920f1a16-f570-4cad-a6d8-29cb0954866d,782NMLO36
dacc80a2-2918-4c28-9fa7-a7dd7fbd99da,782NMLO73
681226ba-66cf-4e49-ad9e-42db86ffa8d2,782NMLO85
63cb8495-4e46-4dfe-8f25-745a9d544eec,782NMLO99
41fbfa19-7c0d-45bd-947b-1e1e8b536796,782NMSO33
544e502a-5e6b-43d0-8b50-fa011705c4cc,782NMSO36
d22db213-f7c7-4234-b770-597f63b32360,782NMSO73
fe7753a3-7755-4e39-a735-8a84a914d4e6,782NMSO85
cfa681b4-b18b-4763-ae20-4554c2084a2c,782NMSO99
79681e9e-5777-485d-a529-a7b46c84317a,782NSLO33
f32f66af-2672-418f-856f-b08949cbcff7,782NSLO36
003ee3b4-7edc-4c91-a6f7-deb92d2d629b,782NSLO73
435cb17f-22e0-4f69-8c66-615e75c37666,782NSLO85
0b40162a-aa16-49ef-ae54-415a77aed3e8,782NSLO99
6f4f3ed9-56fd-482e-9605-fdb0298138d2,782NSSO33
02b87cb2-50c1-47fd-824d-b0f822b69914,782NSSO36
2230897a-6eab-4ae9-893b-77c71c6b8ed0,782NSSO73
7dd9c9e0-53c2-4943-952b-bc6cf069f8a7,782NSSO85
c24e1b27-86dd-4716-8c01-5fed91e690b4,782NSSO99
c5b36370-3485-4189-8ebb-d2fa0744625a,783NLLW08
baaede3e-15b6-4d07-a030-a59fc5f5e0a0,783NLLW33
35c2b498-d80f-4955-8cd2-0751a71009f8,783NLLW36
c2af20ee-58a2-46ab-93e3-92b5d447fe8d,783NLLW73
e79f9d5e-2c32-45bd-a8d9-8b9d89376c36,783NLLW85
b0254771-374a-4788-8390-e1190e1cdb5c,783NLLW99
f6787331-ed4f-46b7-b5b0-c1939217d856,783NLSW08
19397a35-7325-4588-93b3-9b5a97210442,783NLSW33
5b285a57-8c4e-4221-abd0-e0c375df02f9,783NLSW36
d3692ead-a8a2-480b-86e9-15c1bacdb601,783NLSW73
b31377f1-b209-4c64-a7d4-59c7d3e5ce9a,783NLSW85
27453045-ad62-4e8d-89a9-c8b4b4d1093d,783NLSW99
f9ac8fa7-a70b-419b-81d0-4fe470289d25,783NMLW08
9398d244-03bc-46dc-8d6b-f07663de7673,783NMLW33
8f06aad5-3fca-4e7f-bedf-e511eb85038e,783NMLW36
6eada386-9834-400a-a62e-d763f20c5cb7,783NMLW73
25080061-211e-4951-9511-e867274e4a58,783NMLW85
db213700-4cea-45e2-95d6-adf288a28cc4,783NMLW99
821eb02c-b076-47f1-8113-e02cdbfdfead,783NMSW08
476181dd-2e43-43d6-96cc-454e3758c905,783NMSW33
688771fb-87f5-44df-954e-6c157259de55,783NMSW36
c9b54b6f-f01d-4775-95c1-4512d4136097,783NMSW73
b3433557-7bb3-4c60-ae6a-05d6e65b095c,783NMSW85
c08b79df-2bd7-40a1-b2ec-4087bce12d40,783NMSW99
ab54dcf7-fa96-4a70-af4b-8509de552896,783NSLW08
54e6ea9f-3a37-47b0-907c-987623607cb9,783NSLW33
783c3e57-5ae8-4a71-8470-eeb65c91c380,783NSLW36
c2dbb8e6-b875-406f-8748-e9135f7867cb,783NSLW73
1ee4f1f1-d6e5-4d25-b772-94e7c735a8e5,783NSLW85
237a7c65-e288-4055-b7a4-13ad275e831e,783NSLW99
3959a6cb-28ec-47a6-a2a1-53dde66de150,783NSSW08
816cbc28-3ca6-41f1-960b-be23790879d7,783NSSW33
21066969-6a58-4130-adcd-3fc55b7606d2,783NSSW36
b445283c-1335-443c-970a-151413a8e100,783NSSW73
17b476d9-385f-4177-bc48-444eb335f977,783NSSW85
26a668a1-f922-42e2-a69f-d907242a3ae6,783NSSW99
449eef1c-e836-468e-9195-d125507a16a6,783NLLO33
29e935d3-44e8-4b1e-8d28-c141c5078ecb,783NLLO36
0977b60a-46cc-48ef-9f36-8897c76dc561,783NLLO73
ec94a235-6d2c-41bc-a9c9-da4140f542ee,783NLLO85
4712a50b-d578-41ef-8854-a3fa248223cb,783NLLO99
b9bc5e7a-7fc6-42a4-92b0-b536fd111976,783NLSO33
65fd572f-8926-4447-9636-658008b61f8d,783NLSO36
2bccc8ec-9577-4ce3-92f9-89635762d3f4,783NLSO73
3430aecc-089c-4822-b70f-7b083021b703,783NLSO85
057bd107-97bd-48c1-ae6e-12922f1e8880,783NLSO99
1e5b45c0-bcd4-4f84-a784-9092ccc536ad,783NMLO33
04320f4a-6683-463c-bab4-4ca5dd68ff6f,783NMLO36
31344d75-86f9-4c1e-9e2c-1ad64e6dc9f8,783NMLO73
542749e8-30b7-4707-a372-49f4ee4e7267,783NMLO85
05efd731-6933-4129-b97e-837405ddcdbd,783NMLO99
153cb945-970d-4c37-9ba2-165936631ce1,783NMSO33
5d3f5f22-d3a2-4454-a1c3-b5c603ce2616,783NMSO36
75752342-faab-4948-96c2-21ce8f2ee9aa,783NMSO73
c957256e-716a-42c1-be46-9654bd175c7a,783NMSO85
04169cbe-448c-41ff-bef5-75af0ac92a04,783NMSO99
44ba4241-7a5d-473f-922c-daff05b68fcb,783NSLO33
9ba3dd6d-6b23-4265-a1c3-5a4cc914cd74,783NSLO36
618a9437-e64c-40c3-b2ce-933e3a586ffd,783NSLO73
220cb433-3d65-4e89-ad4b-fc511b1061c3,783NSLO85
c0553574-d1a1-448d-acb6-b9e402211ba9,783NSLO99
72ac6ea8-f3f5-4621-993a-b6e75a9c0a33,783NSSO33
d94eb106-170e-4f93-bc47-ece25602bed2,783NSSO36
875c6486-0b94-4a4b-985b-5db596df5952,783NSSO73
ed6934c6-b930-4143-ac7d-e835ebe5fdf6,783NSSO85
57cdc765-6fcd-4710-bf19-52348c896192,783NSSO99
230ce5ab-ee13-4b41-b8a3-1697750b2de3,781PLLW08
7925a5ad-ab11-4144-a60e-717f022af3ff,781PLLW33
4f9822af-aa91-4c86-8327-2aa99c91ce1c,781PLLW36
4043ad50-d51b-4b5e-93bc-2bbf17b9cc18,781PLLW73
aa917581-7849-42dd-8f49-b6c3482c7203,781PLLW85
e301995f-d4c2-4f4b-bb06-9926298f42b4,781PLLW99
d2ce63f1-4a32-41b1-a985-2c51695d73c6,781PLSW08
1ce2d793-f4ae-46aa-8f78-2311db66e9b2,781PLSW33
51a374f2-644c-404e-9774-26686a344243,781PLSW36
b39249c4-74a8-4445-9da9-961200983e1e,781PLSW73
be8636f8-cd66-4e09-9ed3-151975671c7e,781PLSW85
5a876e36-503a-4a53-82c5-bd58ae297332,781PLSW99
01494bc8-f57c-4335-9f6e-330bd7c642a8,781PMLW08
08f3f36f-1786-4a7f-957c-e0e732282647,781PMLW33
e900889c-0457-4d21-8f1b-caef251c61ee,781PMLW36
ac1a6511-3db6-4c3d-b040-95b38779a3a3,781PMLW73
593c6f59-17a7-4d0d-ac39-a0f1888e5c31,781PMLW85
c3bd560f-019f-49c1-9091-3f856f59488d,781PMLW99
38f999ed-c4f3-4e53-9405-4f382e542a50,781PMSW08
0071c039-5449-4bb7-addf-18160b02d792,781PMSW33
6491bc4d-7fee-454b-89d7-989a9a35af8f,781PMSW36
9fdcadbc-cf34-47ec-8bcd-209a95831443,781PMSW73
25fea182-10a9-4e25-850c-9167701ff410,781PMSW85
54b2d3bd-9341-4f69-8ee9-8c490379fe11,781PMSW99
44af64d8-d6f1-44d0-8edf-9b9ebed92362,781PSLW08
18202f91-bdf0-42e6-95e7-2a0f7b5e96b8,781PSLW33
25befd3c-98f6-4a8c-8341-1bf9ca9a9202,781PSLW36
f398501e-bb96-487b-b7cd-3f29e1c26678,781PSLW73
a9249417-41ee-414f-9c5e-35d4c25cbed2,781PSLW85
96d5623a-3f65-4a24-873d-86699d6e020d,781PSLW99
146c2e96-36a6-4adb-ad56-f2f19e1fefe9,781PSSW08
c97241df-e3fd-4cae-ae3c-eaba9ee5dd2b,781PSSW33
a7ca392b-042a-4a5e-8e9e-e8a811d540cc,781PSSW36
4bdaeabb-7369-4997-9882-c5a04ddad2d1,781PSSW73
53687967-d40b-4f4d-a7ec-107b3c470060,781PSSW85
843f466c-e9cd-47c6-bfac-32b88aae334e,781PSSW99
7904310a-7ce4-44e4-8993-7dbdc8574542,781PLLO33
08abf69b-7bfd-4a98-abd3-360eeb4a564e,781PLLO36
c921db99-5757-4577-acf0-948682e7c804,781PLLO73
4aeb586c-f824-4c3a-9cdf-0721daa09062,781PLLO85
892b103b-3eaa-4dc9-b4b1-fe9dd17136b4,781PLLO99
c5e1ba21-c78a-4369-a90d-a3f3702aca20,781PLSO33
36c3a1c3-c802-43d4-955b-cb0c5c8bb349,781PLSO36
2b602264-8ef0-4e5d-9881-4f93a3f4894f,781PLSO73
bacbe4ca-6d95-4408-a033-67e7c751f5f8,781PLSO85
758ba8f7-40dd-4cd7-af7c-8fd1577bf47f,781PLSO99
ce5847ea-d8bd-42f8-81be-6d46d70b6487,781PMLO33
5b8d310a-66d8-4e61-be07-fd4ff8c8db02,781PMLO36
bb2c2778-6ffe-466b-94c8-bd4c3d15b2cd,781PMLO73
5b8817aa-3336-4f3f-aa01-03996832d3fb,781PMLO85
1b3dedb7-74b3-4ec1-adad-d80cc3521557,781PMLO99
7cd258ce-e58e-4ed3-9543-5630a4d30e23,781PMSO33
f51507fa-f94e-4eed-a5fe-37d5e906a2a6,781PMSO36
7b65e1ee-cce5-4683-8849-aed7a0e655d6,781PMSO73
e569043f-2cf2-4be2-b6da-b48dfdee4904,781PMSO85
1480024d-076e-4244-8455-c71bd37b1ad5,781PMSO99
373302ea-303b-4b09-aaff-f4a091419678,781PSLO33
7997ec40-4c20-4176-afe7-febde3ea4f10,781PSLO36
56898645-ebca-4398-8cde-93f425eebd0d,781PSLO73
86efd993-2a6f-4be4-bc55-69af62f56d7b,781PSLO85
9ab6de32-b424-4828-9bea-6f47fd3e3e21,781PSLO99
f389ecdd-f516-416f-9733-7814d7ce780c,781PSSO33
631eaebd-4602-4997-8168-d4586cfcb685,781PSSO36
2c0eaf75-0db2-4d3b-a96c-6048238a7fb3,781PSSO73
3ca9d02f-22cf-4e45-bd5d-0677f925f82a,781PSSO85
a5b646e6-897e-4fee-a6c6-6985c509cac5,781PSSO99
d9f72038-ad62-494d-8af9-8903b7ad00c4,782PLLW08
ca15bdae-85d3-49c4-a9eb-b723166ed21c,782PLLW33
0f1e218b-9cb8-49ad-a8b5-40495ed334e0,782PLLW36
fa31abd6-a14f-4df9-a795-f9939d36daa9,782PLLW73
fc3247cc-3ba5-45a3-92c1-a3f27d3c87a8,782PLLW85
66472b2f-be28-485f-8b6e-c056cabb16e6,782PLLW99
01356518-6073-46a4-8684-a6f7edb69f5e,782PLSW08
92af0a78-21b0-4a4a-a8d2-4fdb3f09f646,782PLSW33
179df3a1-386c-4ea4-b5ac-815941218082,782PLSW36
76f86df3-a214-4c46-8187-89a50ada8c7d,782PLSW73
c0ec7907-f40b-43ea-8338-56326e4b9483,782PLSW85
17dbc9e3-8bd0-4194-b15f-dec4ca75e719,782PLSW99
64ce62c5-41ce-43e6-8b45-db1c36e13392,782PMLW08
f47e3b04-43b8-428d-a327-7ed4b6bc3cf1,782PMLW33
07f9570a-fe22-4be6-98df-e1b77815d970,782PMLW36
4c02ef76-883a-436b-a102-084d0e782167,782PMLW73
aaa007f9-6eb7-484d-959b-0325bf111879,782PMLW85
fe4aa53d-e9f8-4346-8016-301a1f34aa9d,782PMLW99
7c3c267a-8a7e-4dd9-802d-d2142311e09e,782PMSW08
e8cac964-bcf1-4050-be54-9213a951ce04,782PMSW33
4bd9863a-2ddb-4813-b579-99fc9fa73a2b,782PMSW36
aec31dc0-170e-4118-a2bd-4d2494882eaa,782PMSW73
2dd2378b-cd68-4452-a019-7f6b0e777f38,782PMSW85
937a83fc-38b4-411b-b076-9bebb4dd1fee,782PMSW99
44509eeb-0b58-439f-b8a4-ea52c2235877,782PSLW08
090977f2-a4b5-4413-97c0-bbbbcaecc856,782PSLW33
efd2bfd3-c1c3-4a00-9fc3-fe561a6b65c2,782PSLW36
b1c88611-c9bb-4d4e-b708-fd9a69b2f8b3,782PSLW73
3e76c4d9-5872-4d21-975d-d0085af259cc,782PSLW85
ad8c1d7b-965e-40e2-988d-b45c6dc860d1,782PSLW99
4397175b-e56a-43f7-9325-2b4b50c5486a,782PSSW08
2c91138a-6883-4b38-8ec4-ccfb821802a6,782PSSW33
d00427aa-c84f-4e50-bde4-f48b6b6da9b1,782PSSW36
39218874-c6a3-4fa9-992e-83ea16fc7dcd,782PSSW73
3cbb4073-d7a8-408b-86cb-64ecc86b0d4e,782PSSW85
348cb39a-a7f6-4095-be26-af8318c2956c,782PSSW99
ccfbdc18-87dc-49b1-ab98-e917cbbeac84,782PLLO33
b2e77833-79b0-4de7-8f17-5c9288b8cd44,782PLLO36
ab6b889d-da10-435f-a10a-da71ce501a66,782PLLO73
a128d407-4497-4354-961f-6892e2c82c74,782PLLO85
58af6f9e-ccb1-4d57-bea2-84cfba427a45,782PLLO99
a0da72a9-3961-4a5c-abe6-14675e1ba042,782PLSO33
4653acf1-9a48-4dcd-af8c-3f5f551722e0,782PLSO36
86966978-547b-4ea7-8173-cb6a37180bec,782PLSO73
eb91bf62-c5ca-4d47-aa03-9fc43df0e250,782PLSO85
f9b28b51-4639-4956-9fe5-5f2f44606049,782PLSO99
b4051e15-e4f1-4db0-b7b7-0b27046789bc,782PMLO33
402c0eb0-7856-48dd-b114-9f91f830f4e0,782PMLO36
c063ed9a-1cdd-48b3-a318-24a1fff82587,782PMLO73
f99d46cc-0f17-4dd7-beba-b1715bffb247,782PMLO85
3e74d1e1-a5dc-4242-95ab-deb6f49c40e5,782PMLO99
853dfe1e-fe3b-4ff7-b5af-4ffa83ae1923,782PMSO33
18df60e3-5fba-42fe-b7c0-6179bf2638e8,782PMSO36
a24222f6-cdd7-47ee-bb30-97cf5f611793,782PMSO73
4e64d7d6-1961-4674-b1a8-5a06a624caaf,782PMSO85
58fe631d-d99e-47fb-ab9e-cee2ec962102,782PMSO99
d6e5f90c-a661-4a94-865b-b62707d2a7dc,782PSLO33
b1e6537f-fcf6-411f-a14d-5d5a4609a602,782PSLO36
b1434087-c408-4999-b542-df3e5a020df9,782PSLO73
0b9c3708-2952-49ff-958b-09c1e091583b,782PSLO85
9f7200fb-9966-429e-98dc-a4196ad7304c,782PSLO99
3b539e18-06b4-4864-a740-8f1fd38c4f0e,782PSSO33
959542ff-140b-4c25-877b-b01bb0e95aca,782PSSO36
8745c912-9bcb-4ddc-963f-6ad72f380578,782PSSO73
36b74f1f-4097-4db7-8825-d614e1411806,782PSSO85
dd27bd6b-6eb8-4d80-b777-e96853289b21,782PSSO99
7866f9a1-2fc8-498b-a69f-94abf35a31e4,783PLLW08
5d69e88e-127b-45be-b016-e1c94b30d5bd,783PLLW33
8dd7cb73-8f99-43db-8a94-07975f57098e,783PLLW36
848eb11e-49f9-4d4f-ab05-578ba9e1503f,783PLLW73
be73dd92-a63f-402d-8c26-a5d6982a5f54,783PLLW85
34f13091-8403-4e36-ae81-1423498b6b0b,783PLLW99
b0935d11-f048-4e75-9bc1-c980c26e22fe,783PLSW08
0c5f38a6-c0f8-45d3-86a5-a362e1b7485b,783PLSW33
cba3cb84-d235-477b-9d17-e0bc29d8bf3c,783PLSW36
393421f5-9ef7-4a7e-8078-f68a3fc00326,783PLSW73
14dd284e-5a40-478d-8d74-00f9a4041999,783PLSW85
f67daa07-f9d8-4c77-9f59-0c9b478d0dea,783PLSW99
04df728d-f8e5-4dd8-9691-251b7c4151f6,783PMLW08
35bc6041-6309-4129-8033-d2db378900ce,783PMLW33
a85ba60f-0c52-43c3-bea3-9a7eac19562e,783PMLW36
1c692bc6-7b0b-4ecb-8caf-26bf33f0ef03,783PMLW73
6989fd0e-8b75-409b-9263-dd6f698d8a53,783PMLW85
724e8e26-7d38-4f23-93bf-71d2a58f4d05,783PMLW99
c210c118-89b8-45ba-aa90-44b590325d18,783PMSW08
badac843-8efa-41ad-b699-635a30ac8ac4,783PMSW33
64f40930-a82f-4d6c-a586-46c23e38110d,783PMSW36
b67dffcb-c2fb-47b4-8929-dd09bae34026,783PMSW73
e28710ba-6eda-4a20-9ddb-ab6905fc4b4e,783PMSW85
e0fde089-7ccc-4edf-b282-e5d69a832747,783PMSW99
12756b3e-c21f-46e2-baae-d2a6649807e3,783PSLW08
e275eeb9-918b-44b1-bb67-8b87c1bc75cc,783PSLW33
6be10d31-dc63-4d61-8f8a-bc84e541f01e,783PSLW36
fac0e62c-7757-47c1-acc5-ac958c1795f3,783PSLW73
b3438e26-e75e-41e4-a172-e27cef5af784,783PSLW85
9b9e876d-eaa8-424c-8df6-faf1521462ba,783PSLW99
e84aa1eb-af15-4803-8966-ad5808e50d2d,783PSSW08
4e52a86d-e035-4b78-8194-f02ce46e738d,783PSSW33
501feeb7-5fcb-4a31-998c-ce87bcc0a53b,783PSSW36
970b7f51-bf0f-4f39-a6fc-7f85ba7a5de0,783PSSW73
f1bf8eca-45f1-423e-a77a-eb98a8823ad4,783PSSW85
28614db9-faf8-4421-948a-3ebd7842d4b5,783PSSW99
473b9d06-0aef-474d-ba9f-19c04fa9157d,783PLLO33
7bd92039-34a5-485b-afcc-b6e9d257ac08,783PLLO36
9426fa6f-dffb-4e2a-bb87-15b820a000e2,783PLLO73
c018bc4c-4eef-4b47-ab19-0f9923e0d939,783PLLO85
c29b23c9-01bc-4bcc-9e91-49c24e537c0b,783PLLO99
53e406ac-f47a-4d27-a21c-08eff09860e7,783PLSO33
ce489e70-bc09-4892-8f73-94674ca8a07e,783PLSO36
322c0b65-eb85-4604-b239-71f5135997bc,783PLSO73
4392bcd6-f2b4-434a-9e85-763f13c7c257,783PLSO85
107440e0-f6f3-4da9-a21c-e413457b4a7e,783PLSO99
137dbe37-bb81-46ff-b61c-3e68210c2906,783PMLO33
eff28182-7180-46c3-94ff-774763173c8c,783PMLO36
0437aefb-0117-4aec-9c3d-48bfde4e9c13,783PMLO73
f6ad7bab-cab6-44e8-b8d3-39860b036062,783PMLO85
0d36f724-cfa8-4524-b72c-a9306d21887d,783PMLO99
a99beb3e-98f3-4fd2-9971-4cedaa74609d,783PMSO33
0380ef6e-bba4-47ab-a164-32d11a285ac8,783PMSO36
5090204b-6acf-4cd3-9929-05a8277ae6a5,783PMSO73
41b110f5-f708-4d97-83f6-ccbd2c523f1b,783PMSO85
db335cf3-d1aa-4dad-8574-f120cca48234,783PMSO99
d43ecd6b-8346-44a8-933c-1d1674c02dde,783PSLO33
d833d9f3-48a0-4da0-8419-7f824d33f560,783PSLO36
b86e4bd7-2cd8-47a0-a8c2-c9f89bb6a830,783PSLO73
d6bafcda-cfa9-4321-a0fe-45bf26fca685,783PSLO85
ea083baa-eeb6-4d3e-a887-e752ebd35bca,783PSLO99
ef4f85aa-cca2-4abf-a3dd-7d47e32dc0bd,783PSSO33
30c8fa0f-694a-4cdb-8c66-94f517c3a6d8,783PSSO36
9636cd62-4c93-4198-9335-4cbee11e6cd1,783PSSO73
ea49051e-61fb-4284-b3fb-a842ddf03117,783PSSO85
1d866250-927c-4da3-a184-c0154db43167,783PSSO99
8ad6e37c-6b04-490a-84e7-594f6e3a9873,821CLLM32
7b4bb132-24a7-4ea0-b921-08ebaec465fc,821CLLM93
7ce8d614-1a0c-49b3-9820-80fdde5ceaff,821CLLM99
5f19c76d-f9a2-4d9a-851f-8c9d9d2e945e,821CLSM32
8b1aa749-3619-46cd-8a5e-6f59c4ed58f3,821CLSM93
cd3a7039-cc7a-4547-b37c-fe69ede0b28b,821CLSM99
650b630d-e040-47c2-a599-c98d377d43bd,821CMLM32
3172f914-e826-43ed-b265-cd7f9e25e0cd,821CMLM93
b7b22254-c74c-4cc0-9426-be20c703d233,821CMLM99
2887de60-c90a-4332-931f-316654d07cf9,821CMSM32
2e7d03f6-8eb2-45ac-80fc-8aceb990ae8c,821CMSM93
5c004373-11fc-4448-b70c-c2c31fe552c5,821CMSM99
5f1227bd-8004-4530-bf9a-fe8b96690645,821CSLM32
b1807595-087d-4105-8300-a77158909209,821CSLM93
d4e55fee-d2c5-4fc7-b683-a5fe8ba8f286,821CSLM99
1cb3228e-c039-433b-87c6-275681e046d1,821CSSM32
5b8c7017-2770-4016-94db-03b0827a3830,821CSSM93
387578a9-bb4a-41f2-89c7-57d34bc3e8e0,821CSSM99
37e404c4-0c9d-4520-ae37-4aa0b6d39e56,821CXLM32
95931818-8c91-4ad1-8de5-ef6fa119ff6c,821CXLM93
6616f635-8b7c-47b6-baca-0c8cd6be9eac,821CXLM99
f2f07d3a-57b4-4634-8e69-f369103450bc,821CXSM32
461f501d-cc13-42ef-af17-c8e5ad0f3e65,821CXSM93
9b48804f-1a92-49ab-9040-aed4b3028cb3,821CXSM99
6998f74d-c9f1-4bce-9edf-9c028f3a2fde,822CLLM32/S
e6a9de39-34b1-448b-80b2-3241fbfc2e75,822CLLM99/S
433334e6-c505-4766-9ffc-7df229209851,822CLSM32/S
a669a1b6-bd65-42bd-bf89-8df398069750,822CLSM99/S
caa4d3ac-24fa-4ced-b6c5-55c98ef7ceab,822CMLM32/S
8bfb18e3-9f36-4181-a7e6-b10222e917a9,822CMLM99/S
cde7fce2-1c42-4c36-9218-31009548c138,822CMSM32/S
6cc24b5e-b586-4c48-b1b6-395e50660aa8,822CMSM99/S
41e5a9ea-ebd5-4535-8f23-428d06341758,822CSLM32/S
613bb2a0-d917-4ac0-92d9-e7f9d02a71d2,822CSLM99/S
eea87893-ee31-4645-928c-490b6a07c6f8,822CSSM32/S
2ad43ffc-21e3-403b-bb6f-2cb80518e03f,822CSSM99/S
499fe438-bc8d-42c2-bd88-75e404e625c5,822CXLM32/S
de816b9f-1190-48a9-9113-0cdf1bc0181d,822CXLM99/S
bc510270-6906-4e09-97a8-341d7349f727,822CXSM32/S
2379684e-67a4-46ba-9519-17e1997a703b,822CXSM99/S
a5da3b84-fd41-456c-ba5e-09d66f164f6e,823CLLM32/S
2877c405-4de5-465c-a1fa-04e4a73d90d8,823CLLM99/S
18f0c2eb-4d08-4997-b59c-c902271a2d17,823CLSM32/S
83b8cc52-338a-40e0-a3d4-af1bc634709e,823CLSM99/S
97a8976f-8849-4300-907a-09fd60be7f57,823CMLM32/S
d3383978-6563-4769-b6ee-8a45888c8b1d,823CMLM99/S
88a58be2-33de-45c8-87d6-32617524b88f,823CMSM32/S
c44cc6b2-377b-4ccf-b8fb-cfde458db96a,823CMSM99/S
0734e155-f265-4e9a-9c4f-dbcb041738a1,823CSLM32/S
e35b4350-e37a-4461-9c92-32f0a9fba844,823CSLM99/S
659e4578-1a09-44cd-88a0-0303c28fb697,823CSSM32/S
d31f9cf1-5c1f-4b3e-a1a6-f186c9442071,823CSSM99/S
b7e9626d-ebda-49e2-a97d-bcd2afa8a61e,823CXLM32/S
ddae64cc-3a05-492f-bc56-6531eaaef2ba,823CXLM99/S
59f745f4-3ee5-4e69-bcd7-cf5b762fa722,823CXSM32/S
0f2cd675-2938-497c-83fd-9cce51adaabd,823CXSM99/S
fafc7ae7-47bd-49c3-b3ce-fdb49d1942af,822CLLM32
09bfa490-e970-4e0f-b260-f81ad3752dca,822CLLM93
4566e1bd-e255-4346-91cb-b6944250c7c9,822CLLM99
9e6a9bd1-fbba-4631-8ed7-14bf97aab876,822CLSM32
00253f75-3267-4302-90b7-f46cf152ec2d,822CLSM93
1e0d9c24-5cc6-45db-a602-224567a887ee,822CLSM99
753a5a2c-5c54-43c8-a577-3dfc0e6592b6,822CMLM32
478ee462-128d-4a14-b9ae-2932a5e54b1d,822CMLM93
f8a20750-9493-47f5-87ea-f6dce30a8df7,822CMLM99
97302522-6e9e-4b05-aa24-1eaaca8cea2d,822CMSM32
b21432fa-252a-471e-b5ae-bd819d68b652,822CMSM93
59e50023-80a8-4917-922a-e5f005059671,822CMSM99
41460bc4-8a5c-4653-bb0e-6f3731503cc6,822CSLM32
c97e4568-99d7-4f0b-9498-39e01dd0e76d,822CSLM93
fba2ace3-2daa-4bf0-9e51-bcd6a3e72486,822CSLM99
0dfc06b5-db9b-4443-8570-729fec7ceb88,822CSSM32
57d666e5-2cb8-4058-86fc-4f4a66815504,822CSSM93
6932366d-64fb-4adf-81c4-b0b3e9328ab4,822CSSM99
e4ff0a22-02ca-4f6e-b390-f7f04eface7a,822CXLM32
818c2a42-ec96-4f01-bb81-98b1fb78a0c6,822CXLM93
573f665a-b53f-4ff7-93e3-53b8264c3a01,822CXLM99
b089d303-3be5-4e5e-a296-c9ae4001ec7c,822CXSM93
473b31d5-9336-4b3f-aefa-32ef1f3e65d7,822CXSM99
0bc503f0-22c2-4c8a-8a0d-a0bcfddc8425,823CLLM32
91a4c944-88e3-4446-81c9-78ff0215c9f8,823CLLM99
c9a0f8dc-2a6e-447a-80e4-9018cf2fbefb,823CLSM32
40da9234-37ec-418d-bedd-11ac64827969,823CLSM99
f0675202-b3bb-4608-b7d6-40a7c16fabf3,823CMLM32
b2aab7ae-ad42-4a78-b205-02d41d433393,823CMLM99
7c2d1c89-e31c-4faf-8eb7-6f0884111f7f,823CMSM32
b6f7f48e-8a44-45a5-a934-861321548404,823CMSM99
463fd45d-0709-48f5-8bcb-e1fb46f1feb6,823CSLM32
c7b312e0-6a76-478e-9159-0e153471b247,823CSLM99
c5bcee54-7601-494e-9e6d-2abc6f02b28c,823CSSM32
9a88e79b-ebe6-4362-910c-54b93463f6b1,823CSSM99
93c3a661-e81f-4081-8bb7-e02dbea34901,823CXLM32
3713d29c-8f0a-47a7-a24c-6efd864d419c,823CXLM99
aee572c3-f800-434a-87a0-1014e35341c7,823CXSM32
5b65b362-9507-448f-b9e2-bddb8e6baa5c,823CXSM99
2b28e3f2-a417-42b8-a212-65aada117478,822NLLM32
c4c2d4da-4e5b-4eea-9dbd-0d98ded89bda,822NLLM99
1820c102-8a97-479a-a3ad-2ebb77efe6c9,822NLSM32
026e44df-5b73-44ab-bef0-f01f1aa4507e,822NLSM99
d4333d62-7c98-4ad0-91d3-20612c6515b7,822NMLM32
0a0565a0-7938-4f78-9c51-68c212279563,822NMLM99
32e14e84-fd6a-463b-8030-c438ca3e81ed,822NMSM32
c511c130-a52f-4da8-ae87-8a0fa203cd2d,822NMSM99
56a6e222-3bf6-4a82-bac9-f56197ce3e8f,822NSLM32
3919a122-ee0f-42e2-9d8a-c56023c9e21c,822NSLM99
595eb916-cd1c-454e-ad79-5c8ecbe8b642,822NSSM32
87b2026b-15b2-4a52-9660-50d1605176f8,822NSSM99
49db5f00-e3ca-4820-9cfe-01903af37878,823NLLM32
e1496e58-ec9a-4bc6-ab1b-abef441841e3,823NLLM99
697966cd-0564-4d4e-8bac-da701481835b,823NLSM32
57ac8ec8-4c17-4213-9b51-3466c5c67b19,823NLSM99
baedfadd-1b77-4634-9176-e939a4377dea,823NMLM32
e0144071-2e9a-42b8-9a0e-fb602284d8c1,823NMLM99
751aa183-0627-420d-b2ac-d8bb6704e6f2,823NMSM32
647357d2-a2f0-4571-9cc1-24bdd8515818,823NMSM99
8757d670-e3ef-4621-b351-984b8367cdc0,823NSLM32
f9e5d2ca-231a-41d2-8af5-43a14d8aa069,823NSLM99
6cdd2af4-69fb-4988-ae65-3e951d7241ef,823NSSM32
fcc8b52b-5313-49a5-911d-f7cf11fc84b5,823NSSM99
09581ce4-baba-440a-85fc-f86f1d1d989e,832CLLM17
a43f9ea8-1825-40c7-af9d-fefc7c56a23c,832CLLM19
8ddec5e4-4244-420d-849c-d2d079fac2b2,832CLLM27
cfcec4c8-8e64-44f9-8eb3-a7e2a3b32fca,832CLLM47
2ebf672e-0e3f-4517-ba52-0d1a5fc1d0fd,832CLLM48
ff2f37c4-cad2-46cc-a2bb-380a1e15c081,832CLSM17
b5248ad3-a6c3-4b12-8fa6-5e024d7c5713,832CLSM19
7b055d1d-7f4d-47b6-b955-d708d0110374,832CLSM27
b22c831b-6d14-4378-b2d7-f6051c6c4fa8,832CLSM47
8daadefc-b7d7-4a67-b518-038d2d671c7e,832CLSM48
88b8cf85-b85f-4d5d-aae6-b851b374b0f6,832CMLM17
b18e54ec-cbb0-4ffe-9b0c-585ec31750a1,832CMLM19
abc30af5-ba81-4151-a25b-bcb3871dbcea,832CMLM27
85a6584a-40b6-4d7f-b4fe-63a9f5a41875,832CMLM47
c8c50be2-066b-4d5d-ae61-d4297c76ff4c,832CMLM48
a64081b0-05ff-427e-a945-d9e483944ec0,832CMSM17
b2c13ff2-efbb-41ea-8edc-04ae9d5c59a3,832CMSM19
e79ee454-9a97-4cee-bc42-96a077a53846,832CMSM27
82e1b25f-5e53-4947-a67e-20352b5f8079,832CMSM47
1d64dddb-9433-4211-bf98-a3dc28390053,832CMSM48
64189fa6-9252-4a8e-b179-06dabb12740c,832CSLM17
9244d4a7-581f-4d5d-85bb-de2a5bea5a93,832CSLM19
d8394645-d036-421d-9fce-64f9e4f8a8f3,832CSLM27
5cc431bd-c8f5-4c87-a362-a3fe84347a62,832CSLM47
b1930b1d-4cdc-400b-9ac2-d59fdff88fbe,832CSLM48
3f1c2268-6716-47f0-9b2e-97cb29046675,832CSSM17
f9c136f4-51cb-45e1-874a-cef0920f1073,832CSSM19
59b19ff2-f4bf-4708-b707-1811265abdba,832CSSM27
54cf8237-a756-4ab6-aac9-49673efb1bf2,832CSSM47
61a0193e-4386-4c2c-bb40-5eeda99a00e1,832CSSM48
c30f1f35-08e5-43a7-9cc4-37851674d5e8,832CLLW15
7fab5cdd-556d-49cb-b308-c9e5ac5db560,832CLLW19
7fb426ef-8b46-46e4-831f-527d3d500a71,832CLLW27
d4ab48ab-857d-43fc-927f-c13072a2a221,832CLLW46
e485f7d0-c626-4043-9890-fd32d9752656,832CLLW47
26256612-15f8-4b94-926e-22b359c81c87,832CLLW48
4e2fa14e-d14d-4065-bc3c-3bc39719493d,832CLSW15
fa6f5eed-da33-4576-a792-b6ed208c7d0b,832CLSW19
0216cff7-ce58-4b13-8369-b96eb3fd8c8f,832CLSW27
ecdffdf6-8172-47fa-9263-21ce7bbb9ca9,832CLSW46
4797d219-ca86-4859-bfcf-10b1f37d6ea2,832CLSW47
7e3d38c4-a632-4994-a93a-f7f815ddfdb9,832CLSW48
ef60572a-f9e9-405b-9b96-851b9d9b55d8,832CMLW15
c7d19bb3-18f7-4664-9ff2-685282a6c757,832CMLW19
0af14778-59f9-40c9-abf4-ab80c1e58a75,832CMLW27
bc4f88be-fb78-4ab1-994e-4a05835235f2,832CMLW46
71b09e7d-cff8-437f-aa5e-5026ed118430,832CMLW47
c1376dad-2498-4864-97e8-a2fdffc2971b,832CMLW48
8b7ace98-ffc8-44e2-b3f3-6097dc1f2437,832CMSW15
ea7a1145-c0b3-4a5b-b435-ad22a9f0b161,832CMSW19
ca7a4d6f-7ba7-4870-bdfa-7eb1f5db03a8,832CMSW27
cac0373c-8eec-4451-8f11-5e50588b202f,832CMSW46
7614ca0f-0642-4396-87d4-28b8191e6071,832CMSW47
d4a4c13a-ee07-4ec6-8e2d-9049022feb13,832CMSW48
a987b94d-ade6-4502-9765-c29db9f80da4,832CSLW15
263dc284-3ca3-4e48-8ac4-c8d84961a505,832CSLW19
fbdc0d42-dc38-4159-bc79-47b0ac8f6854,832CSLW27
cfba34cb-832e-45db-a73e-5fc4d7792050,832CSLW46
971cd662-344d-4352-85c8-2b782ae5fffd,832CSLW47
07641d0f-e134-4702-b65e-1c00643001dd,832CSLW48
fbceabc6-53d7-4c5d-951f-0b6149c0a14d,832CSSW15
deafa282-6baf-43c3-b964-1693fb378a80,832CSSW19
e323e44a-9bea-4e78-8be0-fe96c2f7ab2c,832CSSW27
a51719e3-37af-448d-9426-b5865c7514e5,832CSSW46
9c70005b-ffe8-4108-9d3c-1d1072bc7312,832CSSW47
20ba6c56-9e1d-4ae6-af4f-e891e0a4bd42,832CSSW48
f9e38d27-8d98-424b-88ab-e4afdf93974a,842CLLO35
9b0aaa0b-6ff5-48b8-a05c-77c127b6a590,842CLLO99
82767855-afdf-4fe9-97cb-c6485c8d1e33,842CLLW09
9b19bd05-51e9-4f1c-b329-e5612e88a877,842CLLW35
28c64401-2e7c-474a-8815-7468df1707cb,842CLLW40
84433c75-500e-4793-873f-0095dd56188f,842CLLW60
29559ba6-21db-4a8a-bf33-5413e545f517,842CLLW89
b1921380-008a-44ed-aa1c-10b82b28a971,842CLLW91
3e26c83b-3eb8-4a15-a83c-f8a86802a07a,842CLLW99
7194f0c4-a535-4ab1-86ba-41707f561c6a,842CLSO35
2b304074-d4d5-4e1f-8cb1-8c047d5588ce,842CLSO99
486b3f73-0da3-4cc0-8528-8a333bd4a310,842CLSW09
9c6196c5-62c6-48d1-b1d2-cd84d20eb674,842CLSW35
d113e54a-6b8d-4333-9b30-3220cd92464a,842CLSW40
19eec678-c3a0-4736-8410-ab132fc81a09,842CLSW60
90dd7765-abe3-4306-86f9-794cc0edf4df,842CLSW89
8c207c63-42cd-4184-9c0c-234541db8e04,842CLSW91
e737db42-ecf4-4341-85d4-33c9e5bbd7b9,842CLSW99
58c59323-f935-490a-89cb-fb8c877b74e5,842CMLO35
51e9cd07-ef7d-402a-ae78-52ab4ab96350,842CMLO99
bff6814b-44a2-4eb2-83b0-38d314af5d86,842CMLW09
b213d102-301b-4a06-8c82-6c911e41f416,842CMLW35
e2faf51b-bf0b-449c-966c-5d5099e56817,842CMLW40
c14e5c7a-f772-4766-bb66-79896950ff94,842CMLW60
0fc50fe1-8b7f-4aa0-80d5-b06b40470dd9,842CMLW89
a67c8d68-7e05-4bb4-a8fe-19eda8884d30,842CMLW91
98111b86-911d-4c0c-aaa0-a5aac757faf8,842CMLW99
15503464-d386-41b4-9e8a-f3668b07c0f4,842CMSO35
077ef015-9db0-446d-bafc-bdcfe053c153,842CMSO99
a7ec8d47-bb2f-4417-abe8-939e3468e509,842CMSW09
7ec9c257-ed6c-4d49-b0c5-f8881b86cada,842CMSW35
5f9a1212-1da8-4095-8835-056ac487f37a,842CMSW40
2bc66bd0-1bf8-4b5c-8093-91af8782224c,842CMSW60
321c2581-3b88-4f0a-8fe6-663d5747005f,842CMSW89
5e5078b4-e9ae-4000-a9cf-a4c0950ec11b,842CMSW91
ed8557fe-fb26-48d5-b758-1e0cd7b6a7a6,842CMSW99
5e6a35ad-33d7-485d-a09b-19ce8faa5e2b,842CSLO35
8076cc9f-f686-4878-a381-28e7b04e73aa,842CSLO99
85a81e9d-2ff8-4092-9be9-2e17b1ca43f3,842CSLW09
4a906c0c-4091-436b-b028-29109f1bc0fb,842CSLW35
dd4315b7-08d5-4199-8cba-1b9d1a1e8d07,842CSLW40
917c68d9-96dc-4c3b-879e-76b7bb229895,842CSLW60
6af0e119-354e-4279-bece-16f84541f422,842CSLW89
7e4f1ef4-c97a-46f0-8c99-93458453657a,842CSLW91
9453116d-72bd-4495-8b05-712e19b78834,842CSLW99
934c89cc-47cd-4528-bdc0-ed4b560bc3e8,842CSSO35
9bd7876a-f1cd-44a5-a125-ebb98bc85990,842CSSO99
02d4b07e-13e9-4fa1-aeb1-eece2af3a943,842CSSW09
5954e78a-b5c6-4528-bfa0-73e7a411dc89,842CSSW35
4ca56f9a-7493-4307-a9f0-d913cdc99699,842CSSW40
10bde54d-6c98-42f3-a64d-47d89e1779db,842CSSW60
b03359b0-3332-457c-9160-f42999389e3e,842CSSW89
80d6257a-2220-476b-992b-0c94f9263c14,842CSSW91
7e3910fa-f43a-4ccd-aa0d-b56e90d7a26e,842CSSW99
cf180b6c-6f91-437b-bf92-8b7937e98325,843CLLO35
77b04614-69b6-4bc8-9b28-c7530d64e479,843CLLO99
1cf69813-f10d-4057-82b6-758f1acb0ff0,843CLLW09
dc9839b2-44e3-49fe-84f6-b41af4a9be34,843CLLW35
0ac3ba1c-be93-4f22-a67b-90c37829b3fa,843CLLW40
18944e10-5ae3-4a5c-bccf-8ae19471b188,843CLLW91
4521c778-cd61-4bf1-9307-109f5a8c83a5,843CLLW99
edf939dc-bf77-4ebb-af6e-dc11dd60c935,843CLSO35
8179ac21-89b6-49e0-ab00-7cedd7d30a65,843CLSO99
a5b3f32e-ed19-4fba-893c-46222e274f61,843CLSW09
bf0ba05b-a657-4f32-ae87-d56ce43f5988,843CLSW35
3b0c69f4-94a1-4988-8f0a-ac2e16fe0e60,843CLSW40
d791ada1-a755-4003-897a-6ec7b2ac26d8,843CLSW91
9009e9b7-cd67-4771-9128-30ffcc1459e4,843CLSW99
607636fc-1728-4f61-b86a-156441d8cf9b,843CMLO35
fe632c6f-e9b6-4fc6-a6c0-d2276c5a78f0,843CMLO99
45103951-7b84-42b4-9383-9184173aced8,843CMLW09
336f4d05-4648-4420-933d-5b96001d127b,843CMLW35
8fc7ab01-3f29-4fba-bb9e-c4c07d894743,843CMLW40
1eb276ac-1984-491f-901d-c593f5f29b5b,843CMLW91
3fcc6c37-5105-428b-9436-2ca3fe15f62e,843CMLW99
cab9087c-f19c-4f91-8597-ebfd1bc76668,843CMSO35
af1c7b0e-9c2f-40ce-9fd5-540301d9c224,843CMSO99
6799a262-3657-426f-beae-9c75268e3557,843CMSW09
c6e15b03-8490-433c-96a6-f0d060812ed8,843CMSW35
6925752b-b753-421f-983c-9bde6e79595c,843CMSW40
c4de5a3e-ece2-406a-a8bf-ea83eca29f58,843CMSW91
dc707ff1-7882-4d17-9cb9-0d81d406b7d9,843CMSW99
4ea5c790-1730-4388-afda-b9d23496927c,843CSLO35
5e5a2be2-1a4f-4e9b-b38c-e2d7c7dc9465,843CSLO99
80c10a69-2cf2-43d2-81b0-ecc4e7606e6b,843CSLW09
3a5e0e82-c4d1-4d12-bc2e-089e0e5a24ee,843CSLW35
1a81dc36-a80d-4847-890a-1aa35b62c416,843CSLW40
5bc98400-e661-4628-8110-25d50d363111,843CSLW91
a2cccb2e-5284-4baa-9cba-01c6072e7ef3,843CSLW99
675edc3e-3325-4225-82db-31c0a97f1af5,843CSSO35
23c435b8-4c1f-4992-acc3-46e79eac7da3,843CSSO99
87ccd195-743d-466e-a787-c884acab9e49,843CSSW09
7ee1fc2d-6541-4bfa-b887-233673329a20,843CSSW35
07d317ab-f3a1-436a-b38c-d03a1d4507e6,843CSSW40
de4e6cf4-85ec-4241-91c2-a90ba49f67aa,843CSSW91
a2f7e41a-210d-41f5-9c86-6fe6b6e4061b,843CSSW99
debabb02-3cd6-4f58-86be-de9147165f93,841CLLO35
8814708d-bdfc-48ee-bc91-a034accffbb2,841CLLO99
1be83365-4d4e-4af4-8198-d6e644c69974,841CLLW09
bc78f881-7b1f-4cd3-adbc-1a898328c8d8,841CLLW35
6d82781c-50dd-4f3a-ab25-018da08e9732,841CLLW40
37effdf9-e3e9-4ce9-be54-9a8ec7d940bf,841CLLW60
66be6909-da01-4dba-a52c-d2c8430fa2b0,841CLLW91
8ffe2ee4-ca0d-4e81-9769-3e1019d2d1fd,841CLLW99
0a26de18-cce7-4c95-b3d4-b06c98b4431b,841CLSO35
0ae82fde-da95-4624-a075-b1289b0a2c89,841CLSO99
d198f8d1-b527-49fe-8fe5-87eb9f736372,841CLSW09
23a0f370-385c-41b0-8cc1-a7b94c730149,841CLSW35
1a645518-ddaa-4454-9d42-4f79dd1db5a2,841CLSW40
64062a2a-376b-4ac4-bcf6-b566329403fe,841CLSW60
87f111c2-f74f-4614-a924-2b5dd65b4487,841CLSW91
b02c0989-d506-49b1-8e87-50e01ac4837b,841CLSW99
6c2fd7ed-c12d-4e45-afb1-43b7c7e4ff3a,841CMLO35
b58e9ce1-4df0-43f0-b2d3-9b20379633b5,841CMLO99
160988cb-9ed4-4f25-a7f5-63dd26a8f233,841CMLW09
18b8f13f-4ede-43b5-a2bc-544b44f48343,841CMLW35
0f883476-d4b3-411c-bfac-c4ee2da25433,841CMLW40
cd219e06-0d1d-4da2-8449-76d389e8e5c2,841CMLW60
af53f9d8-9243-4e31-91c9-edf6be1238ab,841CMLW91
9a82f596-cde5-416d-8eee-496cf59832f1,841CMLW99
cbede9af-e3f2-4c22-9ebc-ce5b57c13c69,841CMSO35
0a89f6c5-1354-4bf7-95dd-5e47b3cb6dcc,841CMSO99
80936cd3-5583-4bd0-ad3f-d821e69701ed,841CMSW09
8fc3e657-82d1-4463-b81a-d15a9e71a114,841CMSW35
4574b29d-1bcd-45a8-be2d-4812a4ed672a,841CMSW40
1f4a8d4b-09a7-4309-a6e2-22c4e189faee,841CMSW60
32a7ce4b-9e11-4736-a41e-01428935d5e9,841CMSW91
52982742-e7da-4d47-92f9-1f95acbcfd51,841CMSW99
29f7fd5a-9b27-4ad1-b127-75d81a6163bb,841CSLO35
40fe8e4d-89b5-493c-ac0f-77fc7fe89747,841CSLO99
e684b734-437d-4085-a722-ca88db0a4bdc,841CSLW09
94854b0c-2864-4985-b947-37bfb994ef75,841CSLW35
d6d44945-4b9b-4c93-a7de-4a2e7213f13b,841CSLW40
6edc42d1-a4b5-4789-9f9a-0d3904f1811d,841CSLW60
61302fa1-2289-4d1c-a1a2-3840f5503e9e,841CSLW91
8af0bd67-ee7b-4090-b11e-8f75c0fa186d,841CSLW99
f216ef31-e5a9-4a77-8df3-1b053e1ffb09,841CSSO35
e2fb2157-a35f-4172-8f0c-3bbcf1389c24,841CSSO99
5506a6e6-3a8d-4288-af88-2f4c87824e86,841CSSW09
c6bdc768-e507-4e08-93c9-f9908feb7d24,841CSSW35
25d900bc-429d-4fcd-af98-4f4b26f703ae,841CSSW40
f6921f0b-3a8c-4a51-8cb0-cf1b0c92caf6,841CSSW60
ea7ec1c6-2006-4f2b-8aa3-6c8bea3a1bc2,841CSSW91
af3a143f-534e-490e-bc87-dfe4551f3c38,841CSSW99
8a9d3cab-99b2-4a04-aaa9-85e004edc48d,842NLLO35
e765ffc3-e3c9-460f-b9c8-0e939388dd9b,842NLLO99
5fe99971-55fb-4ba3-ab5f-b7ac07632502,842NLLW09
7d100d5e-10e4-45ce-8710-b2846b16ecb7,842NLLW35
655542a4-3a2c-4137-9667-c1a918580ac8,842NLLW40
f8629193-7ae5-401d-a6a8-45370c00b527,842NLLW60
1a293986-f809-43c7-87c3-424b8751d402,842NLLW89
e188a8b1-1ebd-47d1-89f1-29510423ceac,842NLLW91
40b3eb67-6060-4d1c-8b77-6637bf9309ba,842NLLW99
49eaec90-4866-4454-820c-0b741dbf6128,842NLSO35
b6698612-764c-4b47-9294-572ca5843353,842NLSO99
2e802c4f-d685-46b7-a729-b63e09927247,842NLSW09
07feb591-04b9-46f0-91de-5ea298bf47c2,842NLSW35
e4f5ce65-2cac-4d18-bad7-be384e8c9a86,842NLSW40
9928133c-5d6b-414d-b815-b81bb9ebc5da,842NLSW60
4da16811-5483-43d4-b0f2-440bbad18939,842NLSW89
d9f5d733-f6a9-4d58-a625-b3e0538fd28d,842NLSW91
5ba9d45d-0186-43bf-8825-19c419c73414,842NLSW99
0dd974cc-9fd9-4106-9723-dbedd33b052b,842NMLO35
4817a33a-d80f-4306-b93b-30aeeea711fb,842NMLO99
e62468bf-b6ec-4eaa-9163-08eb664c88f8,842NMLW09
7e442b39-0c54-4709-9133-dd38dca7e94f,842NMLW35
40dea1ac-2cc3-46fd-b591-9b72a8476e1c,842NMLW40
1deb781e-c461-43b5-b1c2-5839b734d5a1,842NMLW60
5d03fe0c-50ab-4daf-82fc-6a01ffceca75,842NMLW89
2faace2e-d22e-4054-8295-a090c37cfdcf,842NMLW91
055725bd-a8e1-44b4-8549-bc34b46a593a,842NMLW99
5027e819-6ca8-49ed-a7b5-626288530620,842NMSO35
1df27862-e96c-4f5b-8478-b934766cb8de,842NMSO99
ea0ac012-0768-4170-98da-3bb45fc38dc4,842NMSW09
7a171678-a4a9-4110-83d1-e465ed28ffa3,842NMSW35
15c5d1ac-35fc-47bd-98e8-6a7d67733d5d,842NMSW40
69417f52-7784-4fff-91ed-a83ef17197d6,842NMSW60
77b19376-db55-4a55-a4e3-be0d5b746e1f,842NMSW89
484ce998-eed7-4853-9d7c-3a81e6bd85b9,842NMSW91
1d5f9076-c68d-4445-9623-8599c9e3ae15,842NMSW99
a530878d-a024-4cfa-868a-2d6b5f76a232,842NSLO35
3f55158c-3d22-4c73-9b47-70b85b3457dd,842NSLO99
26d991e0-f436-495b-ad45-f3918143f3b3,842NSLW09
fc6a0e1d-9069-44b7-a51c-6182c83044ef,842NSLW35
c21a8272-73f0-4d3f-9fba-8e1e97d35bd1,842NSLW40
56d04370-0970-4171-89b0-e63234f83625,842NSLW60
9316c96d-68da-43e5-8177-4ae51d2e2194,842NSLW89
81cae688-b9c1-4184-ae2f-2e307851d20b,842NSLW91
d6e9fddb-345a-4daa-9ce7-ac61020b277d,842NSLW99
e58f252f-5b30-4a05-a559-a6dde072c917,842NSSO35
9f6ab09e-5f56-4cea-9299-5736854d6d2a,842NSSO99
6c4c3b02-332c-4550-bef4-cb09b0bbe5b0,842NSSW09
01f2ed9c-9eec-4010-a1d0-a616ccef6772,842NSSW35
43614c58-ba66-427b-8583-134f29e21312,842NSSW40
b2213442-4c6a-4345-8ca8-213df4a9a551,842NSSW60
e9c385d8-bbe0-4ff5-a21b-eef9d3f34b33,842NSSW89
a0f7509f-c8a9-474c-a866-3268a44498dd,842NSSW91
8ee47e9f-feee-4f3f-9eba-4353cb738bf3,842NSSW99
b96f6537-a3e1-4d94-a2e6-73ef19f8de4f,843NLLO35
576ffa98-5410-4682-8e22-764a915a75a6,843NLLO99
f7e7e2a4-c4bf-4018-8cfa-abb0c05c14c2,843NLLW09
37523f30-edc5-4227-b24d-1bf3fa55556e,843NLLW35
3a452c2b-056f-400f-8f23-89a6c278e8e5,843NLLW40
d1f6eda7-9617-4fa3-b36b-a7e2dff36312,843NLLW91
308f5541-c933-43a9-a82d-59fc56fe8b57,843NLLW99
b56d4fa0-e161-4469-be01-ffd9aab3ef19,843NLSO35
2bc3f095-d3c5-4659-8a30-dc3f6cdca840,843NLSO99
953de625-4094-4db7-b07a-969788cd256b,843NLSW09
d09947c5-6ed9-4ccb-8f9c-28c103712f32,843NLSW35
2cc4741a-ac9c-43f0-b67e-17577372e5a4,843NLSW40
8f1de555-99b4-447b-ba7c-8597c4b6a3bf,843NLSW91
fe560c0e-3c63-4e8f-95cd-6af026a00368,843NLSW99
d70c80d3-896b-4a41-9240-9f7cd0e4c0cf,843NMLO35
ccd5e91d-cdf5-459d-a353-588f8793bd27,843NMLO99
a1c3cb65-d2e1-42da-854a-a97ce7664680,843NMLW09
ddcca03d-6eed-4930-9f79-229aae991429,843NMLW35
246e4783-d3b8-4812-a9ae-a9b50588232b,843NMLW40
bba8f2d2-66d9-4438-8500-8fca6e745394,843NMLW91
6982fbb5-1eda-4a36-baa6-74da8fd23254,843NMLW99
9b30d4c7-2e04-4cdf-9f5c-54b1550813b7,843NMSO35
09a7f51a-ba52-4275-bc35-f2ae8674f790,843NMSO99
66ca2dc4-8609-4a10-841c-e84c57dcd13a,843NMSW09
73ef6a11-37bd-4e06-b25d-0bae7c5feb37,843NMSW35
6719b5dd-3d01-46b2-aea2-2eda969c9e95,843NMSW40
7b2f3ade-0760-4204-a54e-288bd95f37c2,843NMSW91
ca3de191-23b5-431c-bbe1-1bb130e727d6,843NMSW99
e7d7faa3-a1e3-44e9-ad2f-a96c80882920,843NSLO35
16cae341-8e44-49d4-8dd9-81525564edf0,843NSLO99
8f99a18e-91f5-4a2d-a351-5b3b526311aa,843NSLW09
9e3e64fc-107c-47ed-bb05-49a9245816b2,843NSLW35
34e21ac8-805e-4547-9e35-5a8055f7f4f8,843NSLW40
5de294d2-8256-4ae4-bf5b-12cc63b79893,843NSLW91
3ca6b297-b4da-4a4e-8198-3a02da576378,843NSLW99
1f16bc55-b367-4db6-a681-412e7f32c8b8,843NSSO35
73ad6279-b202-4978-9268-ee1dceb31108,843NSSO99
bae09ab8-3a85-4629-8bc2-3fda16d1166e,843NSSW09
4fd7f031-c868-4d0b-a63e-f328e8fbe6f0,843NSSW35
9f294b4e-fd4e-4ff7-b04e-99678b21bd68,843NSSW40
0d623aa2-a0a6-4da0-870c-72282c7903c7,843NSSW91
cc20a6b3-23f6-4814-82e6-d4a184d92734,843NSSW99
dbec51c6-9280-4433-ad37-26e4dc9acb06,841NLLO35
c6721573-9fc2-4577-831f-7a467a711772,841NLLO99
7a029517-4ac5-4d8d-a78c-71ba1d6ace6a,841NLLW09
6da5b5fe-7cb9-4ab5-ad3d-7e744a6dcec0,841NLLW35
c964062e-97aa-4dd0-aa5d-6577998c6120,841NLLW40
2a3aae41-a131-40b4-8252-a8214692855a,841NLLW60
637f4b24-1b68-4c38-b945-b5be2bc8d8b4,841NLLW91
1f1f83e6-fb91-48a0-ad88-b9aa9bd56b59,841NLLW99
e28ff56b-8846-4e85-8a1f-19016c56a142,841NLSO35
f30f86fa-4dfd-4030-9f41-7e871eb78d50,841NLSO99
d8a47497-ac34-4dcd-a88a-60c79102f8e9,841NLSW09
4f6b0ec5-8549-44b6-9b09-1f605c739570,841NLSW35
1abc2ae2-2d4c-441c-88d2-eeb3678ae9be,841NLSW40
cb08193a-5e96-4ef6-9b56-bf6bf890a0f2,841NLSW60
2718015f-c03e-409b-8ed5-0c8569ed675d,841NLSW91
cc26ce44-a105-4353-86ef-cabd01722cf7,841NLSW99
aa1bd668-5c7a-400f-b5a4-c32e4c7859aa,841NMLO35
509ceca5-ce6a-418a-bc20-bc7f718679bf,841NMLO99
2210ae63-7c28-4695-9962-bb885b9e6b3d,841NMLW09
d9f0221d-3ffe-4697-a9b3-ebe4d25cf52a,841NMLW35
a8b1b1ce-56b8-4e4a-ab6c-f25634a047a2,841NMLW40
77f93b53-65c3-4821-8b6f-756ab7d74dd2,841NMLW60
921ec29f-c1c0-4bfc-aa7e-ff3e2cd5f2bc,841NMLW91
04695bd7-9d7c-4d0f-b416-d8a00d1dfa24,841NMLW99
7e54651a-5cb8-4d49-aebf-3d97df3ba8b1,841NMSO35
20f928fe-2e23-4e6e-b966-85a800568991,841NMSO99
1622291e-7c88-4e6e-9222-156347409932,841NMSW09
c2ccb4da-7d5d-4436-93d2-38b00ebc2266,841NMSW35
e40c50a3-8879-4153-a203-1825851fa693,841NMSW40
308f2082-635d-4706-bcac-0abf12a16c53,841NMSW60
01ee75f6-8b2e-4832-b0a1-05fac09ece80,841NMSW91
509e51d9-6606-4e83-aee0-a9efc62e6ef4,841NMSW99
26685317-644c-4492-83be-10a4a1de06f5,841NSLO35
74c19ecf-8e4b-4dc8-87a0-29d91738a480,841NSLO99
ad0ac6e2-4a02-46f1-8a5c-fc13ae459844,841NSLW09
678da684-b707-4839-8026-4c062b4a73db,841NSLW35
790cae37-91bd-4554-a47f-bd792d5931b4,841NSLW40
ffeb1ee8-0ad5-408c-a45b-2608600e6a5d,841NSLW60
d1f60d0f-c236-4528-87dc-0f6264f071f4,841NSLW91
522931a4-bfc7-462c-a74e-b41c9cf755a1,841NSLW99
1a12185a-c7a6-4493-9fa0-1a9e4e8c91b6,841NSSO35
088ebebc-f9da-4f56-89d7-e1ef13ff0e10,841NSSO99
05eb7782-08b2-44bb-9745-000f3c53274c,841NSSW09
48c35ede-b35a-4c53-ba4c-f7dc3edaf582,841NSSW35
49033374-8d6b-4adb-b655-18a936fe0255,841NSSW40
a43cf947-4824-48a4-8147-0b71ddb70fba,841NSSW60
6a3b927e-b442-4329-8d9a-e4895eca0ae9,841NSSW91
9d99114a-d160-4390-ad7d-b87e2baffd47,841NSSW99
188287f8-892a-4c2c-8aeb-0048945857a7,842PLLO35
807c6e22-f465-4eeb-b39e-2db18c5a8eb5,842PLLO99
53000b17-39fa-4390-a462-36008eff810a,842PLLW09
3ea2b518-6572-47a6-9ecb-7c1ebd48091d,842PLLW35
a38c294a-aad7-4843-983b-309090debbff,842PLLW40
c1ce16b0-41ad-4122-b7cc-9c3a0382f314,842PLLW60
746e19b5-0a5c-4561-b1db-51a81f7f4a7f,842PLLW89
a4081cc8-a1d1-4e65-a941-7d957f5949bc,842PLLW91
6ecaabe9-ac99-4e8f-8396-6d446dd6f3df,842PLLW99
28548f5e-0775-46a9-9da1-fbfa168f24ec,842PLSO35
a2e5734f-dcb9-4b84-97f3-fc0348c67b27,842PLSO99
fc512c84-54ef-4fba-a561-95d996c4075c,842PLSW09
0a1d40d7-8dc9-4f37-a40c-4ba3beaa8f1e,842PLSW35
fb4b97e4-a6fa-477f-b893-72c556be26b9,842PLSW40
f7c2093c-88fc-4b03-ac14-9833a2fe7044,842PLSW60
990856a1-91e0-4d30-b6f8-5fde7a0002ef,842PLSW89
21acc9ef-e4ec-450e-89b6-9a6df4a79a2d,842PLSW91
b1b9ec50-ec2e-40d0-9ee4-854ca77905d7,842PLSW99
d8efb968-312e-4340-9224-10c23e94b8ed,842PMLO35
d8b65b0e-c15b-4f51-97f7-46b1d33b162a,842PMLO99
eb7eee18-a27b-40fd-95e2-eed4f6b255c7,842PMLW09
b752e161-83a1-4075-bc83-85f6597abb72,842PMLW35
a0da6058-8ff2-438e-9212-499690c05cc5,842PMLW40
20ea5a4c-8bd6-4d2d-bf50-3f6edb2c4c87,842PMLW60
1e86e4ab-311f-423a-819b-7afdd56597b7,842PMLW89
ab5874e4-c9b1-4c61-be08-67b8a4a38e01,842PMLW91
97e52259-68f8-467f-9374-2fd1f23b4c83,842PMLW99
02f7bdbc-1253-40d6-b7f1-7a51a7e75596,842PMSO35
aeeacecd-924d-4a88-91e5-3a13020727ef,842PMSO99
bdd0be5a-9b5b-4423-9681-f12e529b391a,842PMSW09
bbb6c8fe-a6ca-4b69-963a-775a9b23f070,842PMSW35
ef74140b-7109-402d-a388-0cbede56ebe4,842PMSW40
658cc415-81d7-4885-827a-c17ff2815120,842PMSW60
e09494e6-af17-4969-9ee9-f90c60d8d608,842PMSW89
6db24604-c5e0-47f1-921b-a51dc5d680ff,842PMSW91
8b6c5f1f-7a75-4aec-af3c-7879733a8f1d,842PMSW99
f2896331-1f52-4a24-903e-03669020c256,842PSLO35
d17936c5-e600-4651-8e6e-148f50c3851a,842PSLO99
0efdba5a-0811-4d45-ab7e-7e46c354746d,842PSLW09
8ee23e33-3fb9-42d6-b938-3d2f4121f0fd,842PSLW35
ddc4801c-e95f-42c1-8b63-2cdba10bce5c,842PSLW40
edd893f0-4a37-4f16-8e95-04b2ce28339a,842PSLW60
bf6422aa-9f01-4dd7-8ead-bcbc50e97ee4,842PSLW89
35dafee3-3e90-4a4c-a1ad-69572f243782,842PSLW91
aa9fc707-0d66-4e5c-ad12-958a33bacf97,842PSLW99
44783b0f-f5e4-4d5c-ae07-2ae49c642bd5,842PSSO35
05db25f9-63d7-492e-aeb5-2dee412f5451,842PSSO99
76fb0ee4-ad24-4e2e-81b8-e23a455cccbf,842PSSW09
8857479c-9288-4bf5-bf6e-a3c073cb25db,842PSSW35
446ef5c1-a738-4e79-89cc-5a5b6f931f9c,842PSSW40
ac81054a-282e-4b1b-a986-2ca89b5c82b3,842PSSW60
60fa0090-f4d6-4591-86bb-bf800b3015cb,842PSSW89
46596cd4-064a-46c0-8aaf-97b66cf34ca9,842PSSW91
38da6f6f-11b6-432d-865e-dc4ceadbb5c2,842PSSW99
94ce63e3-88d8-464c-a4db-4515592c0c96,843PLLO35
418cef0c-32bc-4576-98b3-76a6bba4ac00,843PLLO99
8b599d68-a1cf-4090-87c0-0df51ed6ca93,843PLLW09
b153f916-2e24-4020-988c-47fc419b7c4b,843PLLW35
f5596dc1-791b-4e58-b9de-b9534c1710c2,843PLLW40
7ff89c3d-8c37-467c-b1f4-dc1d43b06d56,843PLLW91
ccc87d20-1666-4a17-8e67-3c2e982b3625,843PLLW99
ae205fec-7490-4cec-968d-5e9738d7b87f,843PLSO35
b5ecfef7-5c7e-4dd2-8fd2-976d529e3c98,843PLSO99
99308074-5ff5-40f7-9cee-ec1e2486801d,843PLSW09
b3924698-4510-4610-b5d4-3b979ec0a373,843PLSW35
66b195f0-7578-4e5f-b7b3-8cb6bd71ee64,843PLSW40
8ecd2401-8ce7-4efa-8727-a4c6a194e605,843PLSW91
cdc6da65-0559-445e-8c37-079340a1d164,843PLSW99
9aff2a86-06a7-4d05-aa01-7693f0a64dc1,843PMLO35
47e4086b-aa01-4044-ac4a-d54e5531d3c3,843PMLO99
0a42cce6-72b9-4323-bd77-f73d50776d09,843PMLW09
e9d8f5bc-b0ac-40cf-9a0c-dfc424900110,843PMLW35
e0b24721-0390-42c8-b56c-22bf2ba1eeb6,843PMLW40
110789ab-9548-4efc-a6cc-c1922ed8a997,843PMLW91
93b5467e-9b7b-4ecb-9d95-151a4afa5000,843PMLW99
53356243-0e4c-4213-bdbe-e65b0479b23a,843PMSO35
1a9d6b32-c1ac-4a2b-a096-88bc17aad297,843PMSO99
a1aa156f-2115-42a3-b1de-978a2aa7456f,843PMSW09
0a15b80b-fcbd-4fb9-89c6-475ac88f0462,843PMSW35
032efc7a-0b0c-4edb-943d-29af13559b5b,843PMSW40
258e1d12-4797-47f8-95d7-e3deed8bdc3e,843PMSW91
647a9e10-2ddc-406b-97ef-b98485a7b69d,843PMSW99
df642cf5-3696-41f9-bbd9-200a23833652,843PSLO35
a5ba57fe-7fb9-4354-a8b3-1c1c0c9ffbba,843PSLO99
d782fd01-fcb5-463e-88af-2376ec337bef,843PSLW09
f7a28df8-4605-42d2-8661-0b19400a8a75,843PSLW35
536a413d-e0f0-4673-b571-3ad872a6441f,843PSLW40
41abef13-f231-4d54-873b-a672def0b81f,843PSLW91
4f54c600-baeb-4f76-b43b-74a0ad6b30a0,843PSLW99
5c07df6c-aec3-4d31-92f1-a9873c5e8aa9,843PSSO35
5e312de2-2d50-42b2-a874-78a189bd2774,843PSSO99
2b366a4a-e317-467d-93eb-fab9a78806b1,843PSSW09
aa74a597-8ce0-48fd-891e-b817292e6a9f,843PSSW35
45a4d593-55a1-49ca-a3b9-33e0f87b4b8f,843PSSW40
553c0f9e-0408-4f72-ae38-13e6c4e1b7dd,843PSSW91
b6615e1b-c35c-4523-9d10-ba4a279c5f94,843PSSW99
9c1f7259-c710-42c5-8062-2bdb8c02fd65,841PLLO35
93c8028b-c138-40d1-a4d1-fd40f83e479a,841PLLO99
3911ee48-fe70-4b26-a642-7d92b507c9ef,841PLLW09
8484b07a-3c83-40d9-b561-0c8bca583803,841PLLW35
8a162c69-cb7b-4833-97b2-5d50a4ce2315,841PLLW40
6da6621c-f119-4605-86c2-eb2a8add7350,841PLLW60
0d50a63e-f426-414c-b697-8de8e7c66f38,841PLLW91
dd911e87-fc79-45f6-9caa-1858e7e20f35,841PLLW99
b37485be-5382-47b4-a94b-3a188aae3010,841PLSO35
013599f3-71fc-4219-b4e2-a180016d78e0,841PLSO99
1c85c8da-9fd3-4f8b-b2c7-93c8d77efad5,841PLSW09
f8f0e0df-aa8d-4661-9a95-4b36b474dc06,841PLSW35
63ec5959-01d5-49b4-8348-cbddb133cf66,841PLSW40
67a973bc-9512-49a9-8b56-11c01fa67216,841PLSW60
e09733b5-5e71-4d45-8b99-c21ecb08eed6,841PLSW91
4ae5408f-7a06-4e09-ac72-c0996ed0bc56,841PLSW99
6f257a90-12e0-409c-9d4a-07c7cbc2ea62,841PMLO35
cd57dc13-10b6-4300-a7a3-6c5ad5a62d9f,841PMLO99
3c37fc12-15d5-463d-b40f-b5f118e3e6aa,841PMLW09
41143492-f8b2-4952-94f0-622e9e859ded,841PMLW35
b437b06e-5e19-4a03-be8d-ce862675979b,841PMLW40
148efc61-8f87-4ea8-8f11-8527d2b52e02,841PMLW60
d75ad92a-4dff-4b76-9c97-9fc8696dc438,841PMLW91
62856f26-5417-42e9-aa96-acaba2758711,841PMLW99
fff23292-7da2-49bc-ac09-f86b4656cb7d,841PMSO35
c8466ccb-8d34-4457-b56f-4c22a8c190ce,841PMSO99
178eb0e6-f2f6-42df-8e8d-f1224802d290,841PMSW09
50ad4e35-6773-4222-9c6d-cd0b53e29bc5,841PMSW35
3d17f264-5f93-4795-a4ca-356a8aa4ea90,841PMSW40
e4c682f5-1f29-4445-a63f-da64f0f657d3,841PMSW60
62a438dc-054f-4c04-969c-9b1611a7fa6c,841PMSW91
dd9af6b2-32d2-4ae6-9941-48d751145f4c,841PMSW99
ab7255ed-d866-4b64-a96c-2291609ecf74,841PSLO35
851d635e-d56f-4b76-92e0-52d764870e70,841PSLO99
fde4ddb0-f189-4be8-9527-d9b301c5e011,841PSLW09
67f97597-e7c7-4524-a1a6-3614c477f738,841PSLW35
bbcdfd28-2f1f-4a3f-aec7-f93c8e6ecc7c,841PSLW40
ce0da293-d3d0-46dc-8eb4-0670672a6034,841PSLW60
64419939-b5ed-49a8-8c3d-162703bcbfff,841PSLW91
64b99fac-d504-4ead-bcd3-24768e3783e9,841PSLW99
4c0dcbc2-782c-44fa-8e08-0cd3f00eb3f4,841PSSO35
2c30e033-6b37-4795-8ffd-5e8debd16c05,841PSSO99
21f4f250-1ea7-4f07-a0d8-5324e08cb757,841PSSW09
3107f00d-bc9a-4e5e-8278-d840cb1075b7,841PSSW35
865c5c1b-5acc-4a82-a129-33642577cc14,841PSSW40
4dd0997e-1f0a-4dfb-b55e-c17ec03a186f,841PSSW60
425eb84d-72c5-46ff-b4fe-2d1531d5cf1c,841PSSW91
769c1cce-cef0-431a-8d7a-763121565357,841PSSW99
6284ed1c-bd11-4840-9c05-48cb0fdbbc25,862CLSO66/S
7d013c9f-2528-47d6-890b-ba647bb0fa36,862CXLM99/P
b79a0ba1-069a-442d-9bfc-784fc597473a,862CXLM99/S
ad9fa605-0407-4880-bb7f-28f13a5e874e,862CXSO66/S
0b78f927-d472-4682-9ec2-0dec1c932d0c,862CXSW99/S
7a9ba105-bce9-49b0-922e-64675356f158,863CMSW33
184a039e-a98e-48a8-b5ae-eda2a93c6ae7,863NLLO66
9c785960-9544-43ee-b4a7-aeab05ce96a0,863NLLW33
9e3f078b-f2d3-46d0-b502-133e973356c4,863NLLW36
32543db2-ee8a-40fc-ad84-185e33b99efe,863NLLW99
7563edfe-4448-4774-98de-ecd99bd6e6ef,863NLSO66
c91ac9a7-4e89-4911-8330-3d9c55e1dd56,863NLSW33
be369d0e-44c3-43d5-b189-85ad548b3e0b,863NLSW36
e1635fe6-067b-43ec-af16-9c4458197bcf,863NLSW99
54932ad4-2d75-47cf-bc84-fca7c5dc82eb,863NMLO66
4fb58e94-7480-40f6-99a2-37df9004dfc3,863NMLW33
28704c0d-13f1-48eb-a41a-597a4596500e,863NMLW36
50c9c589-1669-416c-a84a-12258fecdb9a,863NMLW99
93172bfe-6f6c-4480-ab01-c3504a6a3e27,863NMSO66
5ed7b314-9be8-4c8a-851e-5166bbf10296,863NMSW33
513386ad-7d10-4f37-9b0f-42c386d27bfa,863NMSW36
c79e34d9-4b90-4b17-98e9-d630dcb8846d,863NMSW99
8795a421-61fe-42ab-8604-e9be1e59a3d3,863NSLO66
ee911454-94ab-4b17-a35b-54e8ebbd2475,863NSLW33
73aaaa16-b8ce-4d28-9542-9940d9912fd7,863NSLW36
3024bc3a-4acd-4faf-a9b2-3c2e28d3a18b,863NSLW99
4066795f-7a69-48eb-aa83-7367aa7b8412,863NSSO66
e0949564-39f6-41e8-83e8-e86792e79e67,863NSSW33
cadae483-b1be-4e61-844b-43d3c5505a0a,863NSSW36
38459f86-2225-4766-99ac-81eeb2229fe7,863NSSW99
b4938ab4-0547-4a29-8512-3657fe76de14,863NXLO66
306a3e78-b355-4a89-bbca-f1663bb2dd8d,863NXLW66
65854120-6bee-472e-946b-a08ed7bd00b4,863NXSO66
a35d55e7-4468-4179-bbb7-44306b24ab42,863NXSW66
941fbe0d-637c-414b-98d7-1c40ed6a2f6b,862NLLO66
8676960a-68a3-4000-b9f8-664300fb5295,862NLLW33
ecc83f64-656f-4b4a-bad5-8445041534f0,862NLLW36
df03b2b7-3cbb-4fbc-9d41-4e7bfbe08134,862NLLW99
76b65e76-01b8-4edc-9522-2912fff2c948,862NLSO66
7496dea1-9fe2-4ec9-8cb9-ec2fb86b43fb,862NLSW33
26cf2ad7-d49a-449b-a308-636822e28391,862NLSW36
96c16b8c-35bd-421e-9092-aaa215a1ed31,862NLSW99
f3f3ceba-2d5d-4a4d-9ecc-97ae965a9cce,862NMLO66
a4beab99-9ec7-46ad-b529-cf2a7f01c0f3,862NMLW33
1fa23697-3d8f-4ddd-898e-90b36f4dc333,862NMLW36
7f4a0c1d-c461-447e-bd39-c72b50d469b1,862NMLW99
c5aa21ae-cfc8-4dfc-9ce2-cf4376edf688,862NMPW33
e7565486-7d75-4695-b96c-24e8687acae5,862NMPW36
92ae9dcd-f080-4a09-8fdd-c9f14481f13c,862NMPW99
a06df357-6bec-49fb-ba8d-58097dae20b5,862NMSO66
af49229b-325d-4ce9-b371-f7647dbf6013,862NMSW33
33cf4efe-eae1-4489-8bfa-3299e3a5abbf,862NMSW36
50a0a950-4d16-4a4b-840f-b7e5fe491f8c,862NMSW99
844fddc3-a5ac-4a9a-bc9a-dd5d17604f84,862NSLO66
fe009b57-ffa5-422a-8b36-dbaad1c775d9,862NSLW33
cec2223f-bc4e-412d-a7c6-dab470cac966,862NSLW36
05a6e8c7-3d87-428d-a033-4147ff4a7210,862NSLW99
724a5043-dc16-4a01-bbc8-eefd5a9c242e,862NSPW33
a2b80738-54c2-4f72-b0cf-4dd2b6607ea5,862NSPW36
2e8c98ee-64ba-4acf-be40-802f1316ab54,862NSPW99
2ef0daaf-ea2d-466b-b263-d9f6c50b3592,862NSSO66
60a1ce26-820c-4f1c-9f9d-934dac699661,862NSSW33
09bda23c-cb62-442f-9d1c-eaeb28b33174,862NSSW36
9ece15e6-a6c6-4098-985d-88a011ed9904,862NSSW99
d4717feb-ae97-456a-9afd-8fdf27ccf048,862NXLO66
9af82f8d-efb1-4eb3-a1a0-bd7c55410964,862NXLW66
d3879e2e-7fd7-40f0-9471-08c28da4037a,862NXSO66
a9be6f0e-0eb5-44a4-bea7-661d07af2aa1,862NXSW66
d65f6926-cd24-435d-a194-88638fa383a9,862PLLW33
6614507f-5389-4219-ab86-145cc2c7e736,862PLLW36
a7dee139-a6de-4974-a561-135da2df09e5,862PLLW99
de1b5048-796f-4a08-801c-9fb57ee8b015,862PLSW33
97990b37-7306-4631-80e3-c5d34a4ef886,862PLSW36
f863a866-0a0c-4e6b-868f-17c045258dea,862PLSW99
702b376a-0fc5-4b6f-a2f5-1e698b286e0b,862PMLW33
18e6709a-b036-4d6d-b291-668645b1f014,862PMLW36
b843b4f6-1bd4-4c7a-9edd-1c0a51231dc6,862PMLW99
a3381b52-5738-4a56-8df4-a21ee6be5466,862PMPW33
c9d8bfc3-4e4d-4404-887d-314a106af8bf,862PMPW36
f8784cf7-6cd0-4a6b-997e-d14ed926b0f6,862PMPW99
ad0df6e6-0ae6-4df4-a3b4-51b028017b9e,862PMSW33
0df2bb9b-781b-4281-9400-084c0c504cc6,862PMSW36
8ee81d6a-b44a-49f2-b4d6-78dc41a2e750,862PMSW99
b179c4ce-1a76-4006-bfe7-10c1712df7fa,862PSLW33
3c84c8b6-379d-448c-8e4e-80c648f3c503,862PSLW36
cadb9403-82b3-4755-ba18-b10db15ef6a4,862PSLW99
ede57100-d0ba-461b-bcde-339960ff9985,862PSPW33
40007dd0-a286-4285-9e07-60f53f67c53d,862PSPW36
2f2cd322-a5e7-4e1f-b164-c61d3848a026,862PSPW99
8a4e677b-206a-4c1d-b46f-f994576d147e,862PSSW33
9003b308-8d9a-4d9a-9db3-27bad4423e65,862PSSW36
abb734d9-6653-41ff-bdaa-3e69d14b7587,862PSSW99
f4ec940a-82e2-453a-a904-6f940027a3c2,863PLLW33
ecacf3fa-7ae5-41a6-bf68-b5588dd92c89,863PLLW36
ff6f083b-417d-4e96-a044-2ee1bef46a22,863PLLW99
1cd98d60-3d0f-4d4f-8ee5-e62c0a668f46,863PLSW33
402554bf-a276-4f8b-b592-dd05e03073fd,863PLSW36
d3b71550-fcad-47d7-8762-fed8806d4eac,863PLSW99
04f04abd-5125-4240-ad50-b53e97366212,863PMLW33
a1313c54-501b-4e1a-aafe-e30ff9f3a7b6,863PMLW36
d3303654-e724-407e-afca-6093d46cd7b7,863PMLW99
b1b756d2-c2b4-406a-b1ed-6c4b44718cec,863PMSW33
bff26b93-5c09-4ace-8e2e-bd770fbd6df8,863PMSW36
0ea2ea38-132e-446f-bee3-915de4923828,863PMSW99
52f4bb0d-2559-4d74-a5bf-0f9e7b2a8e45,863PSLW33
b34b3bf5-58ac-44ee-bf32-8f556aed5faf,863PSLW36
2ca45289-db3b-435d-b66d-32524a0597c2,863PSLW99
3f7295dd-9e36-4220-9a96-3fc7143ec770,863PSSW33
aadc4405-d161-4ab6-b9e2-12a1d2d17dc4,863PSSW36
81008000-971b-4ea3-b7f3-5a9dad49e826,863PSSW99
3b0b4bdc-f6e5-4bb3-a065-93f37f0eee38,862PLLW66/P
4ce6fc68-6d69-4043-be85-9c7838e76828,862PLLW99/P
adeb4767-7608-426a-a849-28e96c106280,862PLSW66/P
9d6555b0-c80b-4357-8a5b-132cc8b4f429,862PLSW99/P
3da5e515-9762-42b7-a73c-28f2260ce602,862PMLW66/P
e84fd548-6ef0-4b47-8c79-d219e7cdfa88,862PMLW99/P
c38b7dd8-42b1-407c-a6cb-70f4eb269631,862PMSW66/P
5ebe4623-1b04-4766-83dc-802732e6fcae,862PMSW99/P
bbdca20a-b8de-43c3-8dcc-406079b601ea,862PSLW66/P
ce27dc10-9e62-4560-a1a4-8bc24e14f1e2,862PSLW99/P
2b86093a-232c-4518-a690-0bcf392cd0ec,862PSSW66/P
a6e305d5-3a35-4af3-939e-15124590b184,862PSSW99/P
23ca479c-0369-4849-8ccd-c33beb9409ad,863PLLW66/P
2e74a32e-e92f-4e24-8d5a-1f63419a2304,863PLLW99/P
a0e24d38-a1e1-4094-ba6d-004a2e7c47fd,863PLSW66/P
6762c3ed-bdd9-4b57-934b-3919d436212e,863PLSW99/P
2a9efc00-a10b-4781-b3da-3d213a07f67b,863PMLW66/P
4314c968-8ce2-4f36-a7c5-aab9c7939a36,863PMLW99/P
1d738b62-a9a6-4b99-9bbd-d6d0e8e4ebab,863PMSW66/P
c2932662-0ccf-4599-a3aa-7ede83c4fe13,863PMSW99/P
5b108e34-e5c2-4d80-9f24-fcbc30122358,863PSLW66/P
ef24b3af-d5d2-4dd3-9120-2930d2efbcf7,863PSLW99/P
adf423f3-1ce0-4120-a882-5cd7d0afe541,863PSSW66/P
ba17c2ee-17dc-4814-be78-9dd6707d7bd9,863PSSW99/P
349bd63c-38d9-4ad1-a9ac-aa126e949bc2,862WLLO66/L
901a67e6-1ec8-4e9f-8e91-d0b645de82ec,862WLLO66/R
2a1632ab-28e6-411a-8186-fcf45e2c9959,862WLSO66/L
0257765e-6b23-48c6-acdd-584221770df3,862WLSO66/R
e26d5da2-8288-4f18-9cc5-b04465452c06,862WMLO66/L
413bda1b-d820-44f0-b46a-4362f24a194a,862WMLO66/R
d88a9b59-9499-4de7-8a65-99fe474e1187,862WMSO66/L
410e5886-2717-4408-9c68-c7e3dc23525e,862WMSO66/R
799ce5b6-574d-4913-a2c3-67668ea79479,862WSLO66/L
46c09926-ed6e-4074-aa13-788fcf19e822,862WSLO66/R
2637cf15-791b-46d3-8f34-8f05b898b22a,862WSSO66/L
f46174a0-a361-4a45-a989-3cdf756e5b2e,862WSSO66/R
c4465ea3-c8a0-4aca-aa47-2e61af3a5813,863WLLO66/L
8eff9035-2d87-4fa7-a332-a7939f0b288e,863WLLO66/R
06d4bf2e-4821-407b-bf87-16361172e6a0,863WLSO66/L
5f9d205c-3842-4aaf-8861-2afec7af7598,863WLSO66/R
3c120e38-6684-4328-b223-cfb37b7d3851,863WMLO66/L
931f2cc0-3d45-474f-9eeb-9fc04ebfcdda,863WMLO66/R
afdbe45d-c537-432e-bd6a-89186affafa0,863WMSO66/L
cdaa11fd-14e7-465a-a877-4a6b69a78aa5,863WMSO66/R
32b3a4e0-81ed-4101-ae24-efe26a88e4e3,863WSLO66/L
77d34d00-992a-4d9f-9552-24bd13e0962a,863WSLO66/R
360758c5-885d-4862-9ce6-d6c52180e563,863WSSO66/L
dd404e74-2341-463a-8d84-b30bcbf09fa1,863WSSO66/R
b1ecc0ae-b0ab-4ee6-9dcf-3cb6fd50befe,911ALLO77/S
0a6a0c68-a549-4065-9fd7-50442dcdefaf,911ALRO77/S
d4af2246-a159-4be1-a022-511fa9f6d702,911AMLO77/S
4e1c0fb3-ef12-4d86-9522-198b305831ff,911AMRO77/S
c9475be4-53d7-446e-b5e3-f8609b210654,911ASLO77/S
24f7ce60-a9df-45ed-82bf-af684738d59f,911ASRO77/S
870447ac-2671-4e3a-b5e2-e0177ab0fba2,911AXLO77/S
e590bb26-c9d1-49dc-801b-962c2ff5e547,911AXRO77/S
173aa9c8-02a9-4464-9434-20a768e9725c,912ALLG77/PS
55e461f8-cd98-4c0e-862e-3be3a26ea36b,912ALLG77/S
ca636ab4-4d12-4a4f-bffb-b8b1d2f90084,912ALLO77/PS
40187573-8eb2-422f-8a36-8133b09049bc,912ALLO77/S
cebc8455-6050-448d-abcb-022bfe464692,912ALRG77/PS
8ea6541b-846e-44ae-a058-ba66edd57441,912ALRG77/S
30184808-d42b-4d99-8879-12d330b1abaa,912ALRO77/PS
72b5a1ca-ed10-417f-94a7-57fee1588d8c,912ALRO77/S
00d68022-c373-4b9f-b300-b4a3ea1d3ab3,912AMLG77/PS
8b106002-7aba-49b4-ac31-1a1d4cac49bc,912AMLG77/S
85f24600-f622-41f7-8896-d9a92d6597ef,912AMLO77/PS
6a3bc08e-3a73-4ef1-b098-9e7271c8d5e8,912AMLO77/S
1e8b385f-cf7b-437c-9f90-d22ac4f1ba28,912AMRG77/PS
cef7aada-6203-4de0-a632-2ac27b1e4db5,912AMRG77/S
3c5a2d7f-ff46-4836-8f3f-e5118cef8439,912AMRO77/PS
d6e83a3b-b4f7-4e17-aaad-961666bd6b57,912AMRO77/S
60ef5fb9-bcda-4a55-8ad9-c774f92531d8,912ASLG77/S
f03299fd-b900-4e33-8c88-7743eb7aa03e,912ASLO77/S
aa618b59-2e9b-4475-95f0-d05021e33d64,912ASRG77/S
86919d4e-aaee-443f-9488-2db6895dbc7b,912ASRO77/S
baaa138a-ffa2-420c-88f7-963c0830964e,912AXLG77/PS
d3b5b6f2-3c37-4e00-a963-a190a4640d11,912AXLG77/S
2f1fd8a3-a78b-4b29-9f5e-59be1241d133,912AXLO77/PS
f84fa551-d9a1-4550-a3e2-67646b8627ed,912AXLO77/S
ea5f7ae0-ab54-4af3-9418-e4b1d971fafc,912AXRG77/PS
a311c7df-1bcf-44b1-ba74-b248371bf812,912AXRG77/S
c3c4de7a-95f1-41b6-b91d-e3f0f72ca0d6,912AXRO77/PS
ef4e3a1e-756e-44ba-993d-728511b17da5,912AXRO77/S
ce8ee074-92eb-48dd-8cf6-49f778f46ab8,913ALLG77/PS
3e09e69f-82a3-4d0e-9d2a-2d9dce614a92,913ALLG77/S
7a81d795-4db2-4e84-a3a4-ee22c8a67cd7,913ALLO77/PS
42bfbf2e-db49-444e-97cd-de2f0dfdc30e,913ALLO77/S
e657ee1c-3ca9-44b5-8d26-e6a7edd29985,913ALRG77/PS
d1bcb9e5-bd04-4dce-9169-d120ee789722,913ALRG77/S
56e112b2-6bfd-41f4-a254-0a4f1eb7b6d6,913ALRO77/PS
514bb3bb-4019-4bc1-b9ba-356efb7488d4,913ALRO77/S
50b364b7-64f1-4e5e-ba7e-e3b91cc8e70e,913AMLG77/PS
dc0cfb32-de97-4915-befa-171cd036bb33,913AMLG77/S
180eebef-2dc3-480f-b913-f818056513b6,913AMLO77/PS
0a6a00b6-968b-43c7-815d-b472bc07c3dd,913AMLO77/S
739cdac8-e61f-4fef-8846-266b8b26bacb,913AMRG77/PS
becf799b-0d4f-41a6-85bc-d5f41884714c,913AMRG77/S
ac9dc484-16a5-4830-a23b-de8894de82be,913AMRO77/PS
b7975c38-b51d-4230-8b3c-5d9eccea5336,913AMRO77/S
38793f81-ad1f-4d71-8f62-c38315c4be2b,913ASLG77/S
96fe3712-6175-4af0-8cd9-50157dd3b6c1,913ASLO77/S
ec81dd6e-582e-4b8b-8caf-439f91352b65,913ASRG77/S
a6fc1edd-6c17-4dd1-81b4-236abba5739e,913ASRO77/S
f2ed9ae3-c86a-43fb-9079-e211e89d39b7,913AXLG77/PS
00065f1d-798d-4ffa-b6b0-30320c7071bd,913AXLG77/S
935f4150-361e-42df-8c01-3caad3847dd7,913AXLO77/PS
da994e1b-df39-4db4-ad95-f7ebb795822a,913AXLO77/S
ccce9fa3-8566-40dd-93b2-f106c4fef0de,913AXRG77/PS
8f60477b-cfc8-4d62-8d78-e5b843046c97,913AXRG77/S
92dcbfbf-612c-4d29-993f-90833edf20ef,913AXRO77/PS
0eb27532-56f1-4293-a83f-296366e7d565,913AXRO77/S
11a57407-274c-43e5-81af-b51f706d4932,921CLLM66
b287c7c4-4609-469b-a1f8-159e305db37c,921CLLM99
d24b34ab-0da7-43fc-ba7c-5b770f4e194a,921CLSM66
e31fac77-bf79-4c92-a901-86766d6b5fe6,921CLSM99
33bdcd0f-7843-4dc0-b106-4806424ad526,921CMLM66
333464fd-ec09-4caf-a74e-bf2e962a035a,921CMLM99
1ce5d124-258f-4af6-9cbc-cf86c5ca6a8a,921CMSM66
6a1d6cad-5bff-4027-8913-9440e119888d,921CMSM99
56aa5aeb-a112-4b20-9f57-4c6079632d3d,921CSLM66
4b4849e7-f379-45a4-a64c-9d25eaecf924,921CSLM99
0da66f8b-ab07-490b-9f04-619724b5f274,921CSSM66
5e02d434-e8e5-4153-a634-26c7df2f99b6,921CSSM99
30c26e24-49dd-449c-afcb-8165597bb891,921CXLM66
8cfc3f2a-7857-456f-a1b7-3d09a379a4e5,921CXLM99
3aadbffe-fbbe-47c3-b66b-a44eb744d0c0,921CXSM66
cdee40c4-37b7-409c-a6b6-252d06c70770,921CXSM99
b2a4c3f5-374c-4c92-b2e0-6e878b5cda12,922CLLM99
ea06bc56-53c6-4ea2-b685-730383b16949,922CLSM99
2ee8c5d9-6745-4ce9-81b5-d8996a76889c,922CMLM99
2866e950-9599-45a0-a40a-60d7effe4be7,922CMSM99
b92a0460-ac66-4756-9e4a-3e4c34c17059,922CSLM99
1c817648-5eab-408b-b4ee-f84b52012722,922CSSM99
c6563494-f513-48c5-b87a-57aefe401916,922CXLM99
87fdaac6-3add-4070-bef7-81c02655be5a,922CXSM99
e8e46b1d-06c4-4eea-aa0b-2063edba4a28,923CLLM99
9301dd2c-4f4e-4723-8da5-6f6dad2ec386,923CLSM99
f348a149-abd8-4a31-831e-b697f031f6cd,923CMLM99
52c047b2-dc07-449f-b363-4e396ffc6377,923CMSM99
19b9a779-9c17-4715-bf24-0e3c18a08329,923CSLM99
6d8848c1-138f-4e13-b5c2-8f8205a995cb,923CSSM99
168c8f5f-7f90-413b-9ba1-23a04b79b0cc,923CXLM99
e3c6f588-1bdb-440b-acea-f16b2efba6a5,923CXSM99
3d6ce142-e61f-4768-bc3a-eca21b0dcb1f,971CLLW66
69220f93-eb2e-433d-aaa5-3233671fbbaa,971CLLW99
eac18dfa-432c-44bb-924d-32d099488abb,971CLSW66
9c0091a3-aa43-41fb-98a0-9d867c0c8e04,971CLSW99
ab7b487b-6492-4f67-8e71-470bbfab563a,971CMLW66
21f537d2-2b62-4a2f-a10b-d7f01cc4848d,971CMLW99
ccd54d2d-161c-4a6f-a867-d77e7904af59,971CMSW66
be7e61f2-08ca-4a4e-a6c8-a3bbcc272bae,971CMSW99
652c6092-b9f5-4c3d-9652-52f0cbb3db06,971CSLW66
2be93f3b-ab9b-40db-be60-365b25458d44,971CSLW99
a8866157-e7f1-4ee4-af2a-e0feb43d5b04,971CSSW66
ab90b7e0-9ab7-4ba5-add3-cbb5c724d863,971CSSW99
29b97d25-1069-48f1-b7db-67c098574330,972CLLW66
78959be5-d91a-4c6f-9c58-a5aaa3974eb1,972CLLW99
2c3e6833-3097-4785-8710-69b083e937fa,972CLSW66
478c7bb6-2532-4286-94db-610b95dc6f6a,972CLSW99
4531b68f-8cea-4096-8b47-b89050d11a37,972CMLW66
c53c8308-d211-4042-8f37-e00c99350fec,972CMLW99
6273497d-93e8-4ab7-833b-2725638bd112,972CMSW66
625507f0-d8c9-4eb8-81e4-d3ac7c49248e,972CMSW99
2a9b6943-03e5-4d42-9eb9-484f3871de34,972CSLW66
b830fbbb-6b7d-48b9-bc03-25784e127424,972CSLW99
62f48e3a-4fd7-48dd-9649-2c9b685b6adb,972CSSW66
2e5bbd86-82e0-4f67-a3b5-8aeac136598a,972CSSW99
96aef44a-b6ff-467f-80f7-0721a12df3e7,973CLLW66
eed0d3ec-e219-46a0-863d-bdbf016dd313,973CLLW99
ae85288f-a51a-4bf4-9070-b3b1fe256125,973CLSW66
292437d2-d753-4886-a7d1-7696f4de0921,973CLSW99
061daab9-1cd8-4fb1-b6da-59289d4fb43b,973CMLW66
39cb0563-74c1-486c-8e8d-948659be9d84,973CMLW99
cd60bd16-ffaa-43b8-bb26-1dd41d0dab64,973CMSW66
1517df77-3c46-4ca7-951b-dac2e2bdd6f8,973CMSW99
43ad58f4-ab2e-4e8c-9cf0-c98dd20bced7,973CSLW66
3669b066-7287-4ad9-b1c6-12370c5d83ab,973CSLW99
e6bcf866-c168-4643-83c9-c4918a1293da,973CSSW66
e2814f97-e56c-43dc-9bd0-43ad14588be4,973CSSW99
c9c370cd-1e77-441d-a16a-41e7d2c04c4f,971CLLO66
471724bb-7025-45ef-a931-d732b4bb572a,971CLLO99
45d1b35a-476c-45e8-992a-6e98cb6625b5,971CLSO66
89531fd5-587a-4961-9f9b-586af286f0ae,971CLSO99
be6240c6-2d81-4875-bd77-e6e23b1325fc,971CMLO66
3d745bdb-da17-4edd-9383-b67a0ee88d8b,971CMLO99
6ee1d1b5-96f4-4b16-9254-5ae2bfe29be7,971CMSO66
3cd26f2e-a42c-4cf0-b41e-8a1de7b96c54,971CMSO99
4bccdc2c-ddc8-4361-a6f2-094819802df1,971CSLO66
0e044ac1-6599-4e3a-b993-cf56dfeca4e4,971CSLO99
f8360ca2-cce4-418b-860b-ec364d04fec1,971CSSO66
bf06eb1b-a4b0-4627-a214-885f841254bf,971CSSO99
3d3c2a27-166e-448f-9b80-337952abe59a,971CXLO66
5d96feec-1aaa-485a-88b9-6067b0e77391,971CXLO99
ee87b07e-491c-4bbf-a2f3-9079863da843,971CXSO66
b3eec2c6-8f92-41f1-bf81-6fc74ee600a2,971CXSO99
55594bab-4f59-48c1-b112-6890cbfdbec2,972CLLO66
64ac020c-7f1c-410f-bb5b-c2c4bb6e8c01,972CLLO99
325e49fc-63bf-4b97-b44b-5576769f6f1b,972CLSO66
4b774931-ab05-4de8-aafb-1d534a2a0d3e,972CLSO99
7909a902-8530-4b80-aa41-c3c87c518665,972CMLO66
3ed139c8-f4ab-4c11-842f-bfe5eab593e0,972CMLO99
e434cca9-9899-408b-ae41-bb19a21b5f95,972CMSO66
801366d8-0f9d-40fe-b112-93f7fca1ebff,972CMSO99
b7c1a94d-5618-462f-9293-fa0c6f561d2b,972CSLO66
97e47440-6839-4db6-9bf3-efb22235fa97,972CSLO99
36cc0dfc-31a5-4de9-82fb-f500ff1c856d,972CSSO66
e4031a13-397c-466b-807c-a1c589c86db9,972CSSO99
d092b273-2b96-4d64-84b6-948529e74921,972CXLO66
5aab093e-b904-4674-a335-e2bc10b2d06a,972CXLO99
e6a45da7-641b-4236-b515-31b04645bc35,972CXSO66
9a1fdd13-b564-45e1-a537-8b0a23f1f4d4,972CXSO99
b45e9e54-5dd4-4030-b314-3da6cc42da75,973CLLO66
0d81cbd4-97bc-40a7-8802-095bb81febe3,973CLLO99
346dc720-a495-4eba-a5ad-6fe8042b26ca,973CLSO66
dea458d1-6ac5-4635-ace3-b8346c6a8bd6,973CLSO99
b6036af8-7f30-42b8-825c-492a23f0f07c,973CMLO66
5c63cdac-5f23-4329-b063-c3bbc9ec1734,973CMLO99
e0856757-a6e4-4d9d-8dc0-f39820251c29,973CMSO66
082c66a5-9df1-4f01-aab3-339c271ba2e6,973CMSO99
c8b16af1-5a32-4717-9f5b-a3bcd40010be,973CSLO66
4f4564c2-a74a-4082-86e9-0c136d18b3c7,973CSLO99
9b30ac77-e1be-4a78-9c7b-dc1357b5e671,973CSSO66
59c43c79-a8ac-4240-a691-80c71057aca7,973CSSO99
dd874fdc-b4e1-4438-8772-cd0099e6d133,973CXLO66
d2f0f7a6-5e35-47fe-bf95-943e1dbfa0a8,973CXLO99
9fec38c8-47bb-4270-bb77-bf1eaca53083,973CXSO66
88d294c3-67c6-423c-9e02-3c1270e3f7e2,973CXSO99
7b126ce2-5d47-4380-92ff-e5c1f8bbff80,971NLLO66
35f2c505-5bc2-4d9c-83f1-ff4ffff02ddd,971NLLO99
2f81520a-8f7d-4ea2-81df-55746e3c971b,971NLSO66
ed8e18de-8708-453b-80d3-9ea076980cb8,971NLSO99
863220b6-c905-4164-9292-597e22381eb2,971NMLO66
86f19ab0-aa6d-402c-a908-6c92127674ce,971NMLO99
96799ff1-7369-4d4a-ad8a-e95dfcb22721,971NMSO66
1647f56b-c5d3-4447-8fd5-6e2826c73111,971NMSO99
51174eab-f59d-4c66-8118-aadbc70fffcf,971NSLO66
f4df3447-d5e3-493c-95f5-667294631756,971NSLO99
b969827e-6a0f-4fa0-a157-b3e9024d36e1,971NSSO66
2cb69902-87ff-439f-8550-3de8409bcbe7,971NSSO99
fc635db9-659d-4d8b-9948-3cc7a0271c7b,971NXLO66
93e6ab4b-c985-459b-a77e-ba00bf713d27,971NXLO99
9d317261-197f-47de-92c0-cf7ee55d0b76,971NXSO66
9358bb3b-44e2-43ae-8eeb-89ad10f5cc08,971NXSO99
55e9b029-6741-42ba-af79-989c1a323fd3,972NLLM66
7364ace2-a8d6-431d-83c8-b9377aa46445,972NLLM99
95a2ddd0-8163-4947-9561-a2f4266dec3c,972NLLW66
ec71a3aa-713c-4639-a7b0-7ad199a790b7,972NLLW99
7420f0fc-6f02-432c-aff9-38ae2da8934f,972NLSM66
2d247a12-cb38-4812-b574-f87fd2a157c4,972NLSM99
ec517d54-400d-4c37-8ecc-6cb483939975,972NLSW66
fbbf9e1c-fb31-4c97-a554-77fe2978172d,972NLSW99
16c87249-fbe5-494d-b8d0-ca1028da5a46,972NMLM66
5eff4a11-f46c-4850-abd2-a7736e18d123,972NMLM99
d9a6aaaf-24ff-48bf-9908-b7e238fa1a5b,972NMLW66
454e7950-8e28-4a21-b42c-bcc4ab049257,972NMLW99
a3e2604c-5ebe-437c-87c0-a5b846deec89,972NMSM66
c56a5b13-d92e-4164-addd-5db31e690378,972NMSM99
c85402f8-91e3-401d-9e64-71881506733d,972NMSW66
0e878961-5b93-4c42-9dbf-79f46be58213,972NMSW99
fe225231-bcf7-4ca2-8f6f-c12ff0ad5bde,972NSLM66
bce383f3-68cd-4bb5-932c-9596bc871a55,972NSLM99
03115f62-cd2e-4ecb-81e3-5174d3869df3,972NSLW66
74afd031-9c21-4e30-836a-a103a137b2cc,972NSLW99
3d075443-1f7f-4224-9ac7-d53ac4eb66d9,972NSSM66
c8999ce1-65e0-4384-868d-04efca9ae94d,972NSSM99
d7f3deb0-799c-4088-9b12-9b33a492ae62,972NSSW66
314ab429-fa3d-4f3a-bac9-57bf868317f4,972NSSW99
72ccd874-efd0-456d-abd5-a38661345599,972NXLM66
b2649903-0a7d-4400-a5dd-dee91a8bbca2,972NXLM99
5a5364ac-fe78-4b9d-a8fc-9ebeafd031e4,972NXLW66
c2097b97-a43e-49c9-8d03-26c807949405,972NXLW99
17440deb-cfdc-4794-8f2e-7a920069c47c,972NXSM66
de240229-315d-4da4-9f86-7635e7833a0a,972NXSM99
f01b40aa-2875-495c-884c-bcadd83412fd,972NXSW66
b723412f-353e-4db6-9dea-3cc0cc7b3930,972NXSW99
0ed9997a-77d9-4dc4-81e7-744a05f82669,972NLLO66
83de3b9e-a48b-4743-b446-34178a9aab7d,972NLLO99
d58751d3-e5ca-42c7-b07e-be379205994d,972NLSO66
a0d8bad0-d7a3-4eae-971c-9f8ff1e82b0d,972NLSO99
fbe9d3d1-428f-4290-8a48-5195528e368a,972NMLO66
e47d9321-8974-41a9-8fd7-836fc189c8a3,972NMLO99
f5be5634-6270-4a6e-a0ad-4cbf063a76bc,972NMSO66
fdacc9b9-9d04-4c18-8765-0e84ed37162f,972NMSO99
612c59d3-86e1-4135-ba82-5fa1fa9bf9a0,972NSLO66
158c51e9-fdf4-4815-bfb1-399ae5b2d57d,972NSLO99
890ddd1c-7193-49e4-9831-6727e0cb4fd3,972NSSO66
b73c3d66-a58e-412b-acdf-720e0e84b717,972NSSO99
0e7bac14-9313-4685-ae99-802606e63bea,972NXLO66
062dcab8-5a94-42bd-9480-4dae5e79b239,972NXLO99
fb953402-1c72-46d7-bb75-0ecc0c7a3832,972NXSO66
4285af40-ce41-4145-a82c-5f98d25800ae,972NXSO99
6507ce69-bcf8-4fbb-9df5-dd3cf157e423,973NLLM66
0e1cc67f-9a95-4ad0-bf8e-6b61968353ec,973NLLM99
8ede0545-f083-4a37-b999-1e1351ab060c,973NLLW66
cbbaf5e3-b25d-4aca-94fe-df3a414b55c1,973NLLW99
d72131e4-ff64-4c64-9cc9-80b0c01c74ad,973NLSM66
40492631-7c68-4ab6-a009-a39fbe1ba8b5,973NLSM99
d06344fe-6ca0-402f-8e9a-cece8adfc644,973NLSW66
ad6bbc5d-1572-49a4-82b8-ed2c180ec4cb,973NLSW99
818a616c-0a11-4133-8a86-14492e99bcae,973NMLM66
407de624-ce82-4b76-ae3e-cddfc02a93e8,973NMLM99
de019397-c3dc-43a3-a08c-6562cda20f99,973NMLW66
136783d9-19f8-48ef-9dcd-ad0095c15d12,973NMLW99
aefe5a27-8bf3-42c2-bd52-ffd5c9627b9f,973NMSM66
4270921c-5db2-4176-9ce9-dc2190961dd7,973NMSM99
6b624330-e96d-4396-a7ed-899e2598fd98,973NMSW66
563a6718-caf6-4f84-8fa2-ecf7283009c4,973NMSW99
430b36ba-dda5-49b8-a69c-1901909a4f24,973NSLM66
45ae93f1-6b70-42d4-8b42-fde054f00d55,973NSLM99
838b7e8b-e68e-48bb-979c-de20fe20de08,973NSLW66
b7646bb5-f0c7-4e66-9923-aea8e2ee0865,973NSLW99
41089ff6-9b47-4cf2-bc45-6fd81fc6a2c9,973NSSM66
aebec2c9-1cdc-4c8d-baf4-f247bf260094,973NSSM99
e7893e82-7110-401e-8fdf-a1c6af1c5f5d,973NSSW66
bce5fb8e-5482-4c33-8011-420c2c80fd9d,973NSSW99
6ebd866b-a267-4610-9ce8-549fa5662b82,973NXLM66
93952e0d-735f-4a73-8305-72651e6e7d31,973NXLM99
7f7e96c7-8426-472a-9f0d-5f53fc668692,973NXLW66
e0c6b052-f876-4c48-8ca4-1de5b729038f,973NXLW99
46f9dda5-bc87-422b-8902-5be95c290d4e,973NXSM66
1351247a-0c35-42d6-bd7c-4759f7f17909,973NXSM99
33b9d311-8dda-415d-ac0f-806e24c8538c,973NXSW66
1f348347-a335-4fa9-ae3e-646ca7efebb8,973NXSW99
dae1c897-9bf7-405e-9a2b-e522d44e64e4,973NLLO66
0adf32c3-9288-441e-801f-2b9fdf77701b,973NLLO99
7a4e443a-7bf5-4b31-9a8e-801fd1447ab9,973NLSO66
27699021-ee42-48db-ab2c-9a90657cdf09,973NLSO99
ce1b9a64-b34e-4e05-a44f-fd89990ceb93,973NMLO66
fddaff02-61b8-4441-82a3-755f87f1fd42,973NMLO99
c7aba414-7c75-4210-9fb4-d8bcbd04beab,973NMSO66
b91ecfc0-defc-4cd3-abc1-9c6ab4c2f96b,973NMSO99
d4f83bda-d45c-467e-b64d-143c5aeca908,973NSLO66
ff6c35c7-d7e2-472a-985c-0d2d708e2675,973NSLO99
7cca4bb1-f56b-4f4c-8850-9e77c4df59f4,973NSSO66
80dd8b0c-4dc2-4539-8c9b-75f8e808614d,973NSSO99
6fdc778a-b43e-42e2-9f7b-226145241996,973NXLO66
3924b935-1cb5-468c-91e2-963fccfb15b0,973NXLO99
73bd06b6-9094-4f64-ad93-f7d511577f3d,973NXSO66
024ba0f3-dfbb-43d3-8f0b-b407abbb2825,973NXSO99
97e36140-8b3b-4ade-8504-e0569bef248f,971NLLM66
845e73c5-f1ea-4e69-8068-949b22686620,971NLLM99
c6ef9ed3-ebe9-4e7a-8bfa-465047775bf4,971NLLW66
28ea7a8b-ee4d-4c2e-8963-f0e56d9664ce,971NLLW99
02d0c9f2-0d3c-43a3-b048-051e9810ecce,971NLSM66
16ffb54c-6631-4aed-a1a5-1f5fd6926711,971NLSM99
96939b2d-b911-4df1-845f-46ac7cdc906b,971NLSW66
6a4823ca-c68d-45a4-a7fd-36547851b5bf,971NLSW99
c5bbf264-5ff8-4b6a-8bb6-93b253869ade,971NMLM66
6c60c6f7-5e72-416b-85a0-2c181ad4430c,971NMLM99
1ddc908e-a556-4ff8-8b58-75969f795acb,971NMLW66
b17aefb9-dd1a-4aaf-a5bd-12b3e179441c,971NMLW99
c362f3e2-3d72-4a8f-b303-f1822b3de6d9,971NMSM66
4cd9f98f-dfd6-4142-9b11-82b70eaec491,971NMSM99
ec0ede38-28d4-4827-b5a0-1e7e7e24e0a3,971NMSW66
5214b47d-0317-42e0-b679-49a7028308b5,971NMSW99
c7b90630-0d1f-4453-930c-f51ef6287789,971NSLM66
bd6e081a-a8e8-4e53-9ac6-c89c0fdd7216,971NSLM99
9de79ec2-78a6-4d06-90cf-3c9ca9372993,971NSLW66
5778cfec-6f9b-4942-95d1-5f06f2f86e39,971NSLW99
efe5f0da-aa60-4335-bf04-83f393cd33a4,971NSSM66
a9965f72-9ee8-4249-8441-b8703e13e83e,971NSSM99
1353ed91-7939-461e-b3fc-58aece189bee,971NSSW66
3b576d15-385a-4cb5-8a98-925a77cfb007,971NSSW99
1bec4567-09de-47d7-b6bd-1f8b65a756dc,971NXLM66
ed1df90a-dc70-4ff5-9060-aa89820d2b16,971NXLM99
0b65b320-4fab-479f-894d-eeeada865df6,971NXLW66
d6830940-724d-435f-8c1f-4d0bcbe4755f,971NXLW99
0dd9875f-fc7e-432a-a23c-554175401f22,971NXSM66
20c3069c-a41f-474f-abf9-cb189e935859,971NXSM99
c5abd130-8d69-4289-a64d-31f6189f2ce5,971NXSW66
b8f8d15b-e7a8-4dad-881a-92ba0d0c69ef,971NXSW99
f0d7d4a4-063e-46a1-9b5b-962d2164607c,973PLLO66
5657f0e3-a575-424c-8359-5a48ef36e71f,973PLLO99
14f65e85-51a3-4d1a-b9e8-29bdc73d9112,973PLLW66
c0160c29-0d24-48b6-bb35-794763c5180c,973PLLW99
311d03fc-8d75-4f41-894e-480f48997df5,973PLSO66
17b8d035-06a9-4b4b-88f3-e9429b431fd2,973PLSO99
4c8f7fd5-ffc9-44b6-912b-abb2f7378eba,973PLSW66
41c4e89c-f8a9-4dff-8a01-4c50360b3e1b,973PLSW99
28df352d-e5da-4740-b11d-ec4c25da069c,973PMLO66
8caea719-9d28-42dc-9e72-2c7ceef9d5b0,973PMLO99
e2186e6e-df8c-4fb5-8c6b-240448c7967e,973PMLW66
afef20ef-2c6d-4374-b1a8-ebb8095b1877,973PMLW99
6a5215d4-0f33-4e48-bd7b-9d1f1888a1c7,973PMSO66
631b378e-96af-462f-9478-96ded650f6ee,973PMSO99
ea3eac74-1ade-496d-94dd-acfcbff1c483,973PMSW66
6f2eae90-d83c-417b-9faa-141a8cddf941,973PMSW99
d992e1fe-a5f5-4953-9f94-395e2a2118f2,973PSLO66
81dd1630-fa4a-4a8b-ba1a-a3bfaa246098,973PSLO99
4b19db18-f5b9-422f-ac7a-2c237440c07f,973PSLW66
1d02f4cc-7d91-43b2-aa9b-c562476e8b9f,973PSLW99
1ec05cc3-2c80-4712-902a-83503a5adebe,973PSSO66
452ffdd7-ba4a-486e-9398-d5150f8c1015,973PSSO99
c7f0efa5-22ec-4261-ba6b-6c947aa2df84,973PSSW66
bad166fc-e9a7-4a63-8e5a-919e71e86c1d,973PSSW99
f7288518-9078-461b-b3e5-64a7fe70e2d2,972PLLO66
efeee054-d4d5-41d9-9ff6-32a47e293f23,972PLLO99
3e490c46-4bcf-4da2-8631-5879947e8344,972PLLW66
98531df0-b41e-4c2a-a4fb-f693db4e5a32,972PLLW99
03d1223d-0e56-41f9-a9a3-ef0cfa0d1849,972PLSO66
afaf2009-47f3-443e-baac-87777323b990,972PLSO99
7e7f6eb0-8a66-4181-8087-8d0f9c63883d,972PLSW66
9f44e008-98f9-46ef-afec-271eb2745267,972PLSW99
093ddb05-dc9d-424d-b848-cae7d138ac75,972PMLO66
33221997-d144-4b94-ae7c-99ff92d33f12,972PMLO99
ac1fdc6b-a21f-4c6c-9f09-ff93b3ac28e6,972PMLW66
38dabfe5-68a2-4dbe-a61f-9a93e19a2d13,972PMLW99
ede3a712-852f-4a6f-9729-25502931ef98,972PMSO66
019ecbed-d618-4a93-97ef-89d62da9ad88,972PMSO99
8ac94d11-36cf-4d4b-a391-57cc9b3c1fa3,972PMSW66
b7882456-5a23-4603-b275-4e8c55ade07a,972PMSW99
f3de3876-60d3-472e-9a82-6023e983d67f,972PSLO66
2f602e26-8796-491f-bb0f-f2477ad22f0b,972PSLO99
fb11a41e-6491-4169-8be1-26b66e331fed,972PSLW66
256eac94-a02d-49c6-b54e-1bb70bb2fce8,972PSLW99
6a9038c8-03de-4646-be49-6575086ba329,972PSSO66
2280491b-03d5-488f-bc8c-85fbf91bbc9f,972PSSO99
4fa9b8cb-8994-4f4b-8d85-9ded8341d383,972PSSW66
d60c3461-7b6a-435b-a9ee-42195c030973,972PSSW99
